{"__class": "ContentAuthorizationEntry", "duration": 300, "changelist": 544216, "urls": {"jmcs://jd-contents/10000Lucht/10000Lucht_ULTRA.webm": "https://cdn.glitch.me/8244bf6c-2e1d-40d5-b771-996e9b40f7d7%2F10000lucht_ultra.webm?v=1609015379546", "jmcs://jd-contents/10000Lucht/10000Lucht_MID.webm": "https://cdn.glitch.me/8244bf6c-2e1d-40d5-b771-996e9b40f7d7%2F10000lucht_mid.webm?v=1609014737981", "jmcs://jd-contents/10000Lucht/10000Lucht_LOW.webm": "https://cdn.glitch.me/8244bf6c-2e1d-40d5-b771-996e9b40f7d7%2F10000lucht_low.webm?v=1609014624913", "jmcs://jd-contents/10000Lucht/10000Lucht_HIGH.webm": "https://cdn.glitch.me/8244bf6c-2e1d-40d5-b771-996e9b40f7d7%2F10000lucht_high.webm?v=1609015002290", "jmcs://jd-contents/10000Lucht/10000Lucht.ogg": "https://cdn.glitch.me/8244bf6c-2e1d-40d5-b771-996e9b40f7d7%2F10000lucht.ogg?v=1609014647835"}}