{"__class": "ContentAuthorizationEntry", "duration": 300, "changelist": 543670, "urls": {"jmcs://jd-contents/1999/1999_ULTRA.webm": "https://cdn.glitch.me/d3bd9252-eb09-4dd8-9a8b-23936a86df9d%2F1999_ULTRA.webm?v=1612669157027", "jmcs://jd-contents/1999/1999_MID.webm": "https://cdn.glitch.me/d3bd9252-eb09-4dd8-9a8b-23936a86df9d%2F1999_MID.webm?v=1612668929711", "jmcs://jd-contents/1999/1999_LOW.webm": "https://cdn.glitch.me/d3bd9252-eb09-4dd8-9a8b-23936a86df9d%2F1999_LOW.webm?v=1612668819958", "jmcs://jd-contents/1999/1999_HIGH.webm": "https://cdn.glitch.me/d3bd9252-eb09-4dd8-9a8b-23936a86df9d%2F1999_HIGH.webm?v=1612669046238", "jmcs://jd-contents/1999/1999.ogg": "https://cdn.glitch.me/d3bd9252-eb09-4dd8-9a8b-23936a86df9d%2F1999_audio.ogg?v=1612668787412"}}