{"__class": "ContentAuthorizationEntry", "duration": 300000, "changelist": 300, "urls": {"jmcs://jd-contents/24KALT/24KALT_ULTRA.webm": "https://cdn.glitch.me/985cf90c-5f1b-4e8e-8d50-a623651a4b4b%2F24KALT_ULTRA.webm?v=1613587652014", "jmcs://jd-contents/24KALT/24KALT_HIGH.webm": "https://cdn.glitch.me/985cf90c-5f1b-4e8e-8d50-a623651a4b4b%2F24KALT_HIGH.webm?v=1613587636999", "jmcs://jd-contents/24KALT/24KALT_MID.webm": "https://cdn.glitch.me/985cf90c-5f1b-4e8e-8d50-a623651a4b4b%2F24KALT_MID.webm?v=1613587628040", "jmcs://jd-contents/24KALT/24KALT_LOW.webm": "https://cdn.glitch.me/985cf90c-5f1b-4e8e-8d50-a623651a4b4b%2F24KALT_LOW.webm?v=1613587616295", "jmcs://jd-contents/24KALT/24KALT.ogg": "https://cdn.glitch.me/985cf90c-5f1b-4e8e-8d50-a623651a4b4b%2F24KALT.ogg?v=1613585429335"}}