{"__class": "ContentAuthorizationEntry", "duration": 300, "changelist": 543670, "urls": {"jmcs://jd-contents/7RingsALT/7RingsALT_ULTRA.webm": "https://cdn.glitch.me/bf3d9089-bedb-472f-a91f-e67773830708%2F7RingsALT_ULTRA.webm?v=1612821045846", "jmcs://jd-contents/7RingsALT/7RingsALT_MID.webm": "https://cdn.glitch.me/bf3d9089-bedb-472f-a91f-e67773830708%2F7RingsALT_MID.webm?v=1612820853481", "jmcs://jd-contents/7RingsALT/7RingsALT_LOW.webm": "https://cdn.glitch.me/bf3d9089-bedb-472f-a91f-e67773830708%2F7RingsALT_LOW.webm?v=1612820781961", "jmcs://jd-contents/7RingsALT/7RingsALT_HIGH.webm": "https://cdn.glitch.me/bf3d9089-bedb-472f-a91f-e67773830708%2F7RingsALT_HIDH.webm?v=1612820948355", "jmcs://jd-contents/7RingsALT/7RingsALT.ogg": "https://cdn.glitch.me/bf3d9089-bedb-472f-a91f-e67773830708%2F7RingsALT.ogg?v=1612820751850"}}