{"__class": "ContentAuthorizationEntry", "duration": 300, "changelist": 480634, "urls": {"jmcs://jd-contents/ABBAMammaMia/ABBAMammaMia_ULTRA.webm": "https://cdn.glitch.me/987fcfcc-18ca-4bb2-8005-77d9754b14a6%2FABBAMammaMia_ULTRA.webm?v=1626662441428", "jmcs://jd-contents/ABBAMammaMia/ABBAMammaMia_MID.webm": "https://cdn.glitch.me/987fcfcc-18ca-4bb2-8005-77d9754b14a6%2FABBAMammaMia_MID.webm?v=1626662441428", "jmcs://jd-contents/ABBAMammaMia/ABBAMammaMia_LOW.webm": "https://cdn.glitch.me/987fcfcc-18ca-4bb2-8005-77d9754b14a6%2FABBAMammaMia_LOW.webm?v=1626662441428", "jmcs://jd-contents/ABBAMammaMia/ABBAMammaMia_HIGH.webm": "https://cdn.glitch.me/987fcfcc-18ca-4bb2-8005-77d9754b14a6%2FABBAMammaMia_HIGH.webm?v=1626662441428", "jmcs://jd-contents/ABBAMammaMia/ABBAMammaMia.ogg": "https://cdn.glitch.me/987fcfcc-18ca-4bb2-8005-77d9754b14a6%2FABBAMammaMia.ogg?v=1626662323938"}}