{"__class": "ContentAuthorizationEntry", "duration": 300, "changelist": 280634, "urls": {"jmcs://jd-contents/ABBAGimmeGimme/ABBAGimmeGimme_ULTRA.webm": "https://cdn.glitch.me/26b2e809-f8db-4bc6-8ead-d4c3efa970f2/ABBAGimmeGimme_ULTRA.webm", "jmcs://jd-contents/ABBAGimmeGimme/ABBAGimmeGimme_MID.webm": "https://cdn.glitch.me/26b2e809-f8db-4bc6-8ead-d4c3efa970f2/ABBAGimmeGimme_MID.webm", "jmcs://jd-contents/ABBAGimmeGimme/ABBAGimmeGimme_LOW.webm": "https://cdn.glitch.me/26b2e809-f8db-4bc6-8ead-d4c3efa970f2/ABBAGimmeGimme_LOW.webm", "jmcs://jd-contents/ABBAGimmeGimme/ABBAGimmeGimme_HIGH.webm": "https://cdn.glitch.me/26b2e809-f8db-4bc6-8ead-d4c3efa970f2/ABBAGimmeGimme_HIGH.webm", "jmcs://jd-contents/ABBAGimmeGimme/ABBAGimmeGimme.ogg": "https://cdn.glitch.me/26b2e809-f8db-4bc6-8ead-d4c3efa970f2/ABBAGimmeGimme.ogg"}}