{"__class": "ContentAuthorizationEntry", "duration": 300, "changelist": 280634, "urls": {"jmcs://jd-contents/ABBAMoneyMoney/ABBAMoneyMoney_ULTRA.webm": "https://cdn.glitch.me/26b2e809-f8db-4bc6-8ead-d4c3efa970f2/ABBAMoneyMoney_ULTRA.webm", "jmcs://jd-contents/ABBAMoneyMoney/ABBAMoneyMoney_MID.webm": "https://cdn.glitch.me/26b2e809-f8db-4bc6-8ead-d4c3efa970f2/ABBAMoneyMoney_MID.webm", "jmcs://jd-contents/ABBAMoneyMoney/ABBAMoneyMoney_LOW.webm": "https://cdn.glitch.me/26b2e809-f8db-4bc6-8ead-d4c3efa970f2/ABBAMoneyMoney_LOW.webm", "jmcs://jd-contents/ABBAMoneyMoney/ABBAMoneyMoney_HIGH.webm": "https://cdn.glitch.me/26b2e809-f8db-4bc6-8ead-d4c3efa970f2/ABBAMoneyMoney_HIGH.webm", "jmcs://jd-contents/ABBAMoneyMoney/ABBAMoneyMoney.ogg": "https://cdn.glitch.me/26b2e809-f8db-4bc6-8ead-d4c3efa970f2/ABBAMoneyMoney.ogg"}}