{"__class": "ContentAuthorizationEntry", "duration": 300, "changelist": 480634, "urls": {"jmcs://jd-contents/ABBAHoneyHoney/ABBAHoneyHoney_ULTRA.webm": "https://cdn.glitch.me/987fcfcc-18ca-4bb2-8005-77d9754b14a6%2FABBAHoneyHoney_ULTRA.webm", "jmcs://jd-contents/ABBAHoneyHoney/ABBAHoneyHoney_MID.webm": "https://cdn.glitch.me/987fcfcc-18ca-4bb2-8005-77d9754b14a6%2FABBAHoneyHoney_MID.webm", "jmcs://jd-contents/ABBAHoneyHoney/ABBAHoneyHoney_LOW.webm": "https://cdn.glitch.me/987fcfcc-18ca-4bb2-8005-77d9754b14a6%2FABBAHoneyHoney_LOW.webm", "jmcs://jd-contents/ABBAHoneyHoney/ABBAHoneyHoney_HIGH.webm": "https://cdn.glitch.me/987fcfcc-18ca-4bb2-8005-77d9754b14a6%2FABBAHoneyHoney_HIGH.webm", "jmcs://jd-contents/ABBAHoneyHoney/ABBAHoneyHoney.ogg": "https://cdn.glitch.me/987fcfcc-18ca-4bb2-8005-77d9754b14a6%2FABBAHoneyHoney.ogg"}}