{"__class": "ContentAuthorizationEntry", "duration": 300, "changelist": 280634, "urls": {"jmcs://jd-contents/ABBASOS/ABBASOS_ULTRA.webm": "https://cdn.glitch.me/a34690a7-28a9-41f2-b75c-eb3501ba1fdd%2FABBASOS_high.webm?v=1609949186361", "jmcs://jd-contents/ABBASOS/ABBASOS_ULTRA.hd.webm": "https://cdn.glitch.me/a34690a7-28a9-41f2-b75c-eb3501ba1fdd%2FABBASOS_high.webm?v=1609949186361", "jmcs://jd-contents/ABBASOS/ABBASOS_MID.webm": "https://cdn.glitch.me/a34690a7-28a9-41f2-b75c-eb3501ba1fdd%2FABBASOS_mid.webm?v=1609949158392", "jmcs://jd-contents/ABBASOS/ABBASOS_MID.hd.webm": "https://cdn.glitch.me/a34690a7-28a9-41f2-b75c-eb3501ba1fdd%2FABBASOS_mid.webm?v=1609949158392", "jmcs://jd-contents/ABBASOS/ABBASOS_LOW.webm": "https://cdn.glitch.me/a34690a7-28a9-41f2-b75c-eb3501ba1fdd%2FABBASOS_low.webm?v=1609949132480", "jmcs://jd-contents/ABBASOS/ABBASOS_LOW.hd.webm": "https://cdn.glitch.me/a34690a7-28a9-41f2-b75c-eb3501ba1fdd%2FABBASOS_low.webm?v=1609949132480", "jmcs://jd-contents/ABBASOS/ABBASOS_HIGH.webm": "https://cdn.glitch.me/a34690a7-28a9-41f2-b75c-eb3501ba1fdd%2FABBASOS_high.webm?v=1609949186361", "jmcs://jd-contents/ABBASOS/ABBASOS_HIGH.hd.webm": "https://cdn.glitch.me/a34690a7-28a9-41f2-b75c-eb3501ba1fdd%2FABBASOS_high.webm?v=1609949186361", "jmcs://jd-contents/ABBASOS/ABBASOS.ogg": "https://cdn.glitch.me/a34690a7-28a9-41f2-b75c-eb3501ba1fdd%2FABBASOS.ogg?v=1609949116393"}}