{"__class": "ContentAuthorizationEntry", "duration": 300, "changelist": 280634, "urls": {"jmcs://jd-contents/ABBAFernando/ABBAFernando_ULTRA.webm": "https://cdn.glitch.me/a34690a7-28a9-41f2-b75c-eb3501ba1fdd%2FABBAFernando_high.webm?v=1609900894989", "jmcs://jd-contents/ABBAFernando/ABBAFernando_ULTRA.hd.webm": "https://cdn.glitch.me/a34690a7-28a9-41f2-b75c-eb3501ba1fdd%2FABBAFernando_high.webm?v=1609900894989", "jmcs://jd-contents/ABBAFernando/ABBAFernando_MID.webm": "https://cdn.glitch.me/a34690a7-28a9-41f2-b75c-eb3501ba1fdd%2FABBAFernando_mid.webm?v=1609900863529", "jmcs://jd-contents/ABBAFernando/ABBAFernando_MID.hd.webm": "https://cdn.glitch.me/a34690a7-28a9-41f2-b75c-eb3501ba1fdd%2FABBAFernando_mid.webm?v=1609900863529", "jmcs://jd-contents/ABBAFernando/ABBAFernando_LOW.webm": "https://cdn.glitch.me/a34690a7-28a9-41f2-b75c-eb3501ba1fdd%2FABBAFernando_low.webm?v=1609900830236", "jmcs://jd-contents/ABBAFernando/ABBAFernando_LOW.hd.webm": "https://cdn.glitch.me/a34690a7-28a9-41f2-b75c-eb3501ba1fdd%2FABBAFernando_low.webm?v=1609900830236", "jmcs://jd-contents/ABBAFernando/ABBAFernando_HIGH.webm": "https://cdn.glitch.me/a34690a7-28a9-41f2-b75c-eb3501ba1fdd%2FABBAFernando_high.webm?v=1609900894989", "jmcs://jd-contents/ABBAFernando/ABBAFernando_HIGH.hd.webm": "https://cdn.glitch.me/a34690a7-28a9-41f2-b75c-eb3501ba1fdd%2FABBAFernando_high.webm?v=1609900894989", "jmcs://jd-contents/ABBAFernando/ABBAFernando.ogg": "https://cdn.glitch.me/a34690a7-28a9-41f2-b75c-eb3501ba1fdd%2FABBAFernando.ogg?v=1609900813302"}}