{"__class": "ContentAuthorizationEntry", "duration": 300, "changelist": 280634, "urls": {"jmcs://jd-contents/ABBAWaterloo/ABBAWaterloo_ULTRA.webm": "https://cdn.glitch.me/a34690a7-28a9-41f2-b75c-eb3501ba1fdd%2FABBAWaterloo_high.webm?v=1609955068576", "jmcs://jd-contents/ABBAWaterloo/ABBAWaterloo_ULTRA.hd.webm": "https://cdn.glitch.me/a34690a7-28a9-41f2-b75c-eb3501ba1fdd%2FABBAWaterloo_high.webm?v=1609955068576", "jmcs://jd-contents/ABBAWaterloo/ABBAWaterloo_MID.webm": "https://cdn.glitch.me/a34690a7-28a9-41f2-b75c-eb3501ba1fdd%2FABBAWaterloo_mid.webm?v=1609955044465", "jmcs://jd-contents/ABBAWaterloo/ABBAWaterloo_MID.hd.webm": "https://cdn.glitch.me/a34690a7-28a9-41f2-b75c-eb3501ba1fdd%2FABBAWaterloo_mid.webm?v=1609955044465", "jmcs://jd-contents/ABBAWaterloo/ABBAWaterloo_LOW.webm": "https://cdn.glitch.me/a34690a7-28a9-41f2-b75c-eb3501ba1fdd%2FABBAWaterloo_low.webm?v=1609955012403", "jmcs://jd-contents/ABBAWaterloo/ABBAWaterloo_LOW.hd.webm": "https://cdn.glitch.me/a34690a7-28a9-41f2-b75c-eb3501ba1fdd%2FABBAWaterloo_low.webm?v=1609955012403", "jmcs://jd-contents/ABBAWaterloo/ABBAWaterloo_HIGH.webm": "https://cdn.glitch.me/a34690a7-28a9-41f2-b75c-eb3501ba1fdd%2FABBAWaterloo_high.webm?v=1609955068576", "jmcs://jd-contents/ABBAWaterloo/ABBAWaterloo_HIGH.hd.webm": "https://cdn.glitch.me/a34690a7-28a9-41f2-b75c-eb3501ba1fdd%2FABBAWaterloo_high.webm?v=1609955068576", "jmcs://jd-contents/ABBAWaterloo/ABBAWaterloo.ogg": "https://cdn.glitch.me/a34690a7-28a9-41f2-b75c-eb3501ba1fdd%2FABBAWaterloo.ogg?v=1609955001859"}}