{"__class": "ContentAuthorizationEntry", "duration": 300, "changelist": 466919, "urls": {"jmcs://jd-contents/AboutThatBassALT/AboutThatBassALT_ULTRA.webm": "https://cdn.glitch.me/da420b31-7737-45a1-b1e4-809473a2fcd0%2FAboutThatBassALT_ULTRA.webm?v=1612642020942", "jmcs://jd-contents/AboutThatBassALT/AboutThatBassALT_MID.webm": "https://cdn.glitch.me/da420b31-7737-45a1-b1e4-809473a2fcd0%2FAboutThatBassALT_MID.webm?v=1612641896943", "jmcs://jd-contents/AboutThatBassALT/AboutThatBassALT_LOW.webm": "https://cdn.glitch.me/da420b31-7737-45a1-b1e4-809473a2fcd0%2FAboutThatBassALT_LOW.webm?v=1612641806940", "jmcs://jd-contents/AboutThatBassALT/AboutThatBassALT_HIGH.webm": "https://cdn.glitch.me/da420b31-7737-45a1-b1e4-809473a2fcd0%2FAboutThatBassALT_HIGH.webm?v=1612641951957", "jmcs://jd-contents/AboutThatBassALT/AboutThatBassALT.ogg": "https://cdn.glitch.me/da420b31-7737-45a1-b1e4-809473a2fcd0%2FAboutThatBassALT.ogg?v=1612641775970"}}