{"__class": "ContentAuthorizationEntry", "duration": 300, "changelist": 466919, "urls": {"jmcs://jd-contents/AboutThatBass/AboutThatBass_ULTRA.webm": "https://cdn.glitch.me/da420b31-7737-45a1-b1e4-809473a2fcd0%2FAboutThatBass_ULTRA.webm?v=1612642483977", "jmcs://jd-contents/AboutThatBass/AboutThatBass_MID.webm": "https://cdn.glitch.me/da420b31-7737-45a1-b1e4-809473a2fcd0%2FAboutThatBass_MID.webm?v=1612642364939", "jmcs://jd-contents/AboutThatBass/AboutThatBass_LOW.webm": "https://cdn.glitch.me/da420b31-7737-45a1-b1e4-809473a2fcd0%2FAboutThatBass_LOW.webm?v=1612642358936", "jmcs://jd-contents/AboutThatBass/AboutThatBass_HIGH.webm": "https://cdn.glitch.me/da420b31-7737-45a1-b1e4-809473a2fcd0%2FAboutThatBass_HIGH.webm?v=1612642403461", "jmcs://jd-contents/AboutThatBass/AboutThatBass.ogg": "https://cdn.glitch.me/da420b31-7737-45a1-b1e4-809473a2fcd0%2FAboutThatBass.ogg?v=1612642286967"}}