{"__class": "ContentAuthorizationEntry", "duration": 300000, "changelist": 300, "urls": {"jmcs://jd-contents/Adeyyo/Adeyyo_ULTRA.webm": "https://cdn.glitch.me/a26ba0ac-032e-4eda-a9f6-6db88289ff87%2FAdeyyo_ULTRA.webm?v=1616010814960", "jmcs://jd-contents/Adeyyo/Adeyyo_HIGH.webm": "https://cdn.glitch.me/a26ba0ac-032e-4eda-a9f6-6db88289ff87%2FAdeyyo_HIGH.webm?v=1616010626263", "jmcs://jd-contents/Adeyyo/Adeyyo_MID.webm": "https://cdn.glitch.me/a26ba0ac-032e-4eda-a9f6-6db88289ff87%2FAdeyyo_MID.webm?v=1616010604615", "jmcs://jd-contents/Adeyyo/Adeyyo_LOW.webm": "https://cdn.glitch.me/a26ba0ac-032e-4eda-a9f6-6db88289ff87%2FAdeyyo_LOW.webm?v=1616010552092", "jmcs://jd-contents/Adeyyo/Adeyyo.ogg": "https://cdn.glitch.me/a26ba0ac-032e-4eda-a9f6-6db88289ff87%2FAdeyyo.ogg?v=1616010533112"}}