{"__class": "ContentAuthorizationEntry", "duration": 300, "changelist": 280634, "urls": {"jmcs://jd-contents/AintNoOtherMan/AintNoOtherMan_ULTRA.webm": "https://cdn.glitch.me/ba2f166c-56b8-4b5b-895a-085e0140c4bf/NoHayOtroHombrea_ULTRA.webm", "jmcs://jd-contents/AintNoOtherMan/AintNoOtherMan_MID.webm": "https://cdn.glitch.me/ba2f166c-56b8-4b5b-895a-085e0140c4bf/NoHayOtroHombre_MID.webm", "jmcs://jd-contents/AintNoOtherMan/AintNoOtherMan_LOW.webm": "https://cdn.glitch.me/ba2f166c-56b8-4b5b-895a-085e0140c4bf/NoHayOtroHombre_LOW.webm", "jmcs://jd-contents/AintNoOtherMan/AintNoOtherMan_HIGH.webm": "https://cdn.glitch.me/ba2f166c-56b8-4b5b-895a-085e0140c4bf/NoHayOtroHombre_HIGH.webm", "jmcs://jd-contents/AintNoOtherMan/AintNoOtherMan.ogg": "https://cdn.glitch.me/f7ecfd5f-dced-46b6-89ed-1d9ee681cf3c/AintNoOtherMan.ogg"}}