{"__class": "ContentAuthorizationEntry", "duration": 300000, "changelist": 300, "urls": {"jmcs://jd-contents/AllAboutUs/AllAboutUs_ULTRA.webm": "https://cdn.glitch.me/c6807563-9703-4452-bd7b-b06e822ec772%2FAllAboutUs_ULTRA.webm?v=1617212229348", "jmcs://jd-contents/AllAboutUs/AllAboutUs_HIGH.webm": "https://cdn.glitch.me/c6807563-9703-4452-bd7b-b06e822ec772%2FAllAboutUs_HIGH.webm?v=1617211194020", "jmcs://jd-contents/AllAboutUs/AllAboutUs_MID.webm": "https://cdn.glitch.me/c6807563-9703-4452-bd7b-b06e822ec772%2FAllAboutUs_MID.webm?v=1617209622883", "jmcs://jd-contents/AllAboutUs/AllAboutUs_LOW.webm": "https://cdn.glitch.me/c6807563-9703-4452-bd7b-b06e822ec772%2FAllAboutUs_LOW.webm?v=1617208572123", "jmcs://jd-contents/AllAboutUs/AllAboutUs.ogg": "https://cdn.glitch.me/c6807563-9703-4452-bd7b-b06e822ec772%2FAllAboutUs.ogg?v=1617212822100"}}