{"__class": "ContentAuthorizationEntry", "duration": 300, "changelist": 564656, "urls": {"jmcs://jd-contents/AllTheStars/AllTheStars_ULTRA.webm": "https://cdn.glitch.me/77f64e48-1730-40e5-b040-3bb3802eca2b/AllTheStars_ULTRA.webm", "jmcs://jd-contents/AllTheStars/AllTheStars_MID.webm": "https://cdn.glitch.me/77f64e48-1730-40e5-b040-3bb3802eca2b/AllTheStars_MID.webm", "jmcs://jd-contents/AllTheStars/AllTheStars_LOW.webm": "https://cdn.glitch.me/77f64e48-1730-40e5-b040-3bb3802eca2b/AllTheStars_LOW.webm", "jmcs://jd-contents/AllTheStars/AllTheStars_HIGH.webm": "https://cdn.glitch.me/77f64e48-1730-40e5-b040-3bb3802eca2b/AllTheStars_HIGH.webm", "jmcs://jd-contents/AllTheStars/AllTheStars.ogg": "https://cdn.glitch.me/77f64e48-1730-40e5-b040-3bb3802eca2b/AllTheStars.ogg"}}