{"__class": "ContentAuthorizationEntry", "duration": 300, "changelist": 280634, "urls": {"jmcs://jd-contents/AllYouGotta/AllYouGotta_ULTRA.webm": "https://cdn.glitch.me/a105e60c-c9c3-44cf-9cf0-6b9553c1bee4%2Fallugottaultra.webm?v=1610036151098", "jmcs://jd-contents/AllYouGotta/AllYouGotta_MID.webm": "https://cdn.glitch.me/a105e60c-c9c3-44cf-9cf0-6b9553c1bee4%2Fallugottamid.webm?v=1610035527847", "jmcs://jd-contents/AllYouGotta/AllYouGotta_LOW.webm": "https://cdn.glitch.me/a105e60c-c9c3-44cf-9cf0-6b9553c1bee4%2Fallugottalow.webm?v=1610035445883", "jmcs://jd-contents/AllYouGotta/AllYouGotta_HIGH.webm": "https://cdn.glitch.me/a105e60c-c9c3-44cf-9cf0-6b9553c1bee4%2Fallugottahigh.webm?v=1610035815934", "jmcs://jd-contents/AllYouGotta/AllYouGotta.ogg": "https://cdn.glitch.me/a105e60c-c9c3-44cf-9cf0-6b9553c1bee4%2Fallugotta.ogg?v=1610035415301"}}