{"__class": "ContentAuthorizationEntry", "duration": 300, "changelist": 564656, "urls": {"jmcs://jd-contents/AllYouGottaCHN/AllYouGottaCHN_ULTRA.webm": "https://cdn.glitch.me/c6807563-9703-4452-bd7b-b06e822ec772/AllYouGottaCHN_ULTRA.webm", "jmcs://jd-contents/AllYouGottaCHN/AllYouGottaCHN_MID.webm": "https://cdn.glitch.me/c6807563-9703-4452-bd7b-b06e822ec772/AllYouGottaCHN_MID.webm", "jmcs://jd-contents/AllYouGottaCHN/AllYouGottaCHN_LOW.webm": "https://cdn.glitch.me/c6807563-9703-4452-bd7b-b06e822ec772/AllYouGottaCHN_LOW.webm", "jmcs://jd-contents/AllYouGottaCHN/AllYouGottaCHN_HIGH.webm": "https://cdn.glitch.me/c6807563-9703-4452-bd7b-b06e822ec772/AllYouGottaCHN_HIGH.webm", "jmcs://jd-contents/AllYouGottaCHN/AllYouGottaCHN.ogg": "https://cdn.glitch.me/c6807563-9703-4452-bd7b-b06e822ec772/AllYouGottaCHN.ogg"}}