{"__class": "ContentAuthorizationEntry", "duration": 300, "changelist": 564656, "urls": {"jmcs://jd-contents/AlwaysLookOn/AlwaysLookOn_ULTRA.webm": "https://cdn.glitch.me/bf3d9089-bedb-472f-a91f-e67773830708%2FAlwaysLookOn_ULTRA.webm?v=1612821026353", "jmcs://jd-contents/AlwaysLookOn/AlwaysLookOn_MID.webm": "https://cdn.glitch.me/bf3d9089-bedb-472f-a91f-e67773830708%2FAlwaysLookOn_MID.webm?v=1612820876758", "jmcs://jd-contents/AlwaysLookOn/AlwaysLookOn_LOW.webm": "https://cdn.glitch.me/bf3d9089-bedb-472f-a91f-e67773830708%2FAlwaysLookOn_LOW.webm?v=1612820791397", "jmcs://jd-contents/AlwaysLookOn/AlwaysLookOn_HIGH.webm": "https://cdn.glitch.me/bf3d9089-bedb-472f-a91f-e67773830708%2FAlwaysLookOn_HIGH.webm?v=1612820932105", "jmcs://jd-contents/AlwaysLookOn/AlwaysLookOn.ogg": "https://cdn.glitch.me/bf3d9089-bedb-472f-a91f-e67773830708%2FAlwaysLookOn.ogg?v=1612820781409"}}