{"__class": "ContentAuthorizationEntry", "duration": 300, "changelist": 480634, "urls": {"jmcs://jd-contents/AmericanBoy/cAmericanBoy_ULTRA.webm": "https://cdn.glitch.me/987fcfcc-18ca-4bb2-8005-77d9754b14a6%2FAmericanBoy_ULTRA.webm", "jmcs://jd-contents/AmericanBoy/AmericanBoy_MID.webm": "https://cdn.glitch.me/987fcfcc-18ca-4bb2-8005-77d9754b14a6%2FAmericanBoy_MID.webm", "jmcs://jd-contents/AmericanBoy/AmericanBoy_LOW.webm": "https://cdn.glitch.me/987fcfcc-18ca-4bb2-8005-77d9754b14a6%2FAmericanBoy_LOW.webm", "jmcs://jd-contents/AmericanBoy/AmericanBoy_HIGH.webm": "https://cdn.glitch.me/987fcfcc-18ca-4bb2-8005-77d9754b14a6%2FAmericanBoy_HIGH.webm", "jmcs://jd-contents/AmericanBoy/AmericanBoy.ogg": "https://cdn.glitch.me/987fcfcc-18ca-4bb2-8005-77d9754b14a6%2FJinGoLoBa.ogg"}}