{"__class": "ContentAuthorizationEntry", "duration": 300, "changelist": 466919, "urls": {"jmcs://jd-contents/AmIWrong/AmIWrong_ULTRA.webm": "https://cdn.glitch.me/da420b31-7737-45a1-b1e4-809473a2fcd0%2FAmIWrong_ULTRA.webm?v=1612832789265", "jmcs://jd-contents/AmIWrong/AmIWrong_MID.webm": "https://cdn.glitch.me/da420b31-7737-45a1-b1e4-809473a2fcd0%2FAmIWrong_MID.webm?v=1612832704762", "jmcs://jd-contents/AmIWrong/AmIWrong_LOW.webm": "https://cdn.glitch.me/da420b31-7737-45a1-b1e4-809473a2fcd0%2FAmIWrong_LOW.webm?v=1612832542519", "jmcs://jd-contents/AmIWrong/AmIWrong_HIGH.webm": "https://cdn.glitch.me/da420b31-7737-45a1-b1e4-809473a2fcd0%2FAmIWrong_HIGH.webm?v=1612832660786", "jmcs://jd-contents/AmIWrong/AmIWrong.ogg": "https://cdn.glitch.me/da420b31-7737-45a1-b1e4-809473a2fcd0%2FAmIWrong.ogg?v=1612832532062"}}