{"__class": "ContentAuthorizationEntry", "duration": 300000, "changelist": 300, "urls": {"jmcs://jd-contents/Amore/Amore_ULTRA.webm": "https://cdn.glitch.me/c6807563-9703-4452-bd7b-b06e822ec772%2FAmore_ULTRA.webm?v=1617292714744", "jmcs://jd-contents/Amore/Amore_HIGH.webm": "https://cdn.glitch.me/c6807563-9703-4452-bd7b-b06e822ec772%2FAmore_HIGH.webm?v=1617291995344", "jmcs://jd-contents/Amore/Amore_MID.webm": "https://cdn.glitch.me/c6807563-9703-4452-bd7b-b06e822ec772%2FAmore_MID.webm?v=1617291637021", "jmcs://jd-contents/Amore/Amore_LOW.webm": "https://cdn.glitch.me/c6807563-9703-4452-bd7b-b06e822ec772%2FAmore_LOW.webm?v=1617290820208", "jmcs://jd-contents/Amore/Amore.ogg": "https://cdn.glitch.me/c6807563-9703-4452-bd7b-b06e822ec772%2FAmore.ogg?v=1617290727441"}}