{"__class": "ContentAuthorizationEntry", "duration": 300000, "changelist": 300, "urls": {"jmcs://jd-contents/AngryBirds/AngryBirds_ULTRA.webm": "https://cdn.glitch.me/c6807563-9703-4452-bd7b-b06e822ec772%2FAngryBirds_ULTRA.webm?v=1617221657432", "jmcs://jd-contents/AngryBirds/AngryBirds_HIGH.webm": "https://cdn.glitch.me/c6807563-9703-4452-bd7b-b06e822ec772%2FAngryBirds_HIGH.webm?v=1617220771780", "jmcs://jd-contents/AngryBirds/AngryBirds_MID.webm": "https://cdn.glitch.me/c6807563-9703-4452-bd7b-b06e822ec772%2FAngryBirds_MID.webm?v=1617220397079", "jmcs://jd-contents/AngryBirds/AngryBirds_LOW.webm": "https://cdn.glitch.me/c6807563-9703-4452-bd7b-b06e822ec772%2FAngryBirds_LOW.webm?v=1617220077945", "jmcs://jd-contents/AngryBirds/AngryBirds.ogg": "https://cdn.glitch.me/c6807563-9703-4452-bd7b-b06e822ec772%2FAngryBirds.ogg?v=1617219361938"}}