{"__class": "ContentAuthorizationEntry", "duration": 300, "changelist": 564520, "urls": {"jmcs://jd-contents/AngryBirdsMU/AngryBirdsMU_ULTRA.webm": "https://cdn.glitch.me/363023d0-90ae-4a33-a4cd-cebdccb8b5f2%2Fclean.AngryBirdsMU_ULTRA.webm?v=1613630618083", "jmcs://jd-contents/AngryBirdsMU/AngryBirdsMU_MID.webm": "https://cdn.glitch.me/363023d0-90ae-4a33-a4cd-cebdccb8b5f2%2Fclean.AngryBirdsMU_MID.webm?v=1613630578404", "jmcs://jd-contents/AngryBirdsMU/AngryBirdsMU_LOW.webm": "https://cdn.glitch.me/363023d0-90ae-4a33-a4cd-cebdccb8b5f2%2Fclean.AngryBirdsMU_LOW.webm?v=1613630541465", "jmcs://jd-contents/AngryBirdsMU/AngryBirdsMU_HIGH.webm": "https://cdn.glitch.me/363023d0-90ae-4a33-a4cd-cebdccb8b5f2%2Fclean.AngryBirdsMU_ULTRA.webm?v=1613630618083", "jmcs://jd-contents/AngryBirdsMU/AngryBirdsMU.ogg": "https://cdn.glitch.me/253949fc-b561-4250-aa5b-b32da09824d2%2Fe1b31eb3f1f4b002380fb2262120dde5.ogg?v=1615255754346"}}