{"__class": "ContentAuthorizationEntry", "duration": 300, "changelist": 466919, "urls": {"jmcs://jd-contents/Animals/Animals_ULTRA.webm": "https://cdn.glitch.me/da420b31-7737-45a1-b1e4-809473a2fcd0%2FAnimals_ULTRA.webm?v=1612804420313", "jmcs://jd-contents/Animals/Animals_MID.webm": "https://cdn.glitch.me/da420b31-7737-45a1-b1e4-809473a2fcd0%2FAnimals_MID.webm?v=1612803626587", "jmcs://jd-contents/Animals/Animals_LOW.webm": "https://cdn.glitch.me/da420b31-7737-45a1-b1e4-809473a2fcd0%2FAnimals_LOW.webm?v=1612803562584", "jmcs://jd-contents/Animals/Animals_HIGH.webm": "https://cdn.glitch.me/da420b31-7737-45a1-b1e4-809473a2fcd0%2FAnimals_HIGH.webm?v=1612803755983", "jmcs://jd-contents/Animals/Animals.ogg": "https://cdn.glitch.me/da420b31-7737-45a1-b1e4-809473a2fcd0%2FAnimals.ogg?v=1612803529773"}}