{"__class": "ContentAuthorizationEntry", "duration": 300, "changelist": 480634, "urls": {"jmcs://jd-contents/AnimalsALTCMU/AnimalsALTCMU_ULTRA.webm": "https://cdn.glitch.me/f2501b94-ff89-4784-84e4-c6499f81f09e/AnimalsALTCMU_ULTRA.webm?v=1639457226109", "jmcs://jd-contents/AnimalsALTCMU/AnimalsALTCMU_MID.webm": "https://cdn.glitch.me/f2501b94-ff89-4784-84e4-c6499f81f09e/AnimalsALTCMU_MID.webm?v=1639457214428", "jmcs://jd-contents/AnimalsALTCMU/AnimalsALTCMU_LOW.webm": "https://cdn.glitch.me/f2501b94-ff89-4784-84e4-c6499f81f09e/AnimalsALTCMU_LOW.webm?v=1639457184970", "jmcs://jd-contents/AnimalsALTCMU/AnimalsALTCMU_HIGH.webm": "https://cdn.glitch.me/f2501b94-ff89-4784-84e4-c6499f81f09e/AnimalsALTCMU_ULTRA.webm?v=1639457226109", "jmcs://jd-contents/AnimalsALTCMU/AnimalsALTCMU.ogg": "https://cdn.glitch.me/f2501b94-ff89-4784-84e4-c6499f81f09e/AnimalsALTCMU.ogg?v=1639457449577"}}