{"__class": "ContentAuthorizationEntry", "duration": 300000, "changelist": 300, "urls": {"jmcs://jd-contents/Apache/Apache_ULTRA.webm": "https://cdn.glitch.me/c6807563-9703-4452-bd7b-b06e822ec772%2FApache_ULTRA.webm?v=1617140308321", "jmcs://jd-contents/Apache/Apache_HIGH.webm": "https://cdn.glitch.me/c6807563-9703-4452-bd7b-b06e822ec772%2FApache_HIGH.webm?v=1617139986328", "jmcs://jd-contents/Apache/Apache_MID.webm": "https://cdn.glitch.me/c6807563-9703-4452-bd7b-b06e822ec772%2FApache_MID.webm?v=1617139705982", "jmcs://jd-contents/Apache/Apache_LOW.webm": "https://cdn.glitch.me/c6807563-9703-4452-bd7b-b06e822ec772%2FApache_LOW.webm?v=1617139229319", "jmcs://jd-contents/Apache/Apache.ogg": "https://cdn.glitch.me/c6807563-9703-4452-bd7b-b06e822ec772%2FApache.ogg?v=1617139432941"}}