{"__class": "ContentAuthorizationEntry", "duration": 300, "changelist": 480634, "urls": {"jmcs://jd-contents/APunk/APunk_ULTRA.webm": "https://cdn.glitch.me/987fcfcc-18ca-4bb2-8005-77d9754b14a6%2FAPunk_ULTRA.webm", "jmcs://jd-contents/APunk/APunk_MID.webm": "https://cdn.glitch.me/987fcfcc-18ca-4bb2-8005-77d9754b14a6%2FAPunk_MID.webm", "jmcs://jd-contents/APunk/APunk_LOW.webm": "https://cdn.glitch.me/987fcfcc-18ca-4bb2-8005-77d9754b14a6%2FAPunk_LOW.webm", "jmcs://jd-contents/APunk/APunk_HIGH.webm": "https://cdn.glitch.me/987fcfcc-18ca-4bb2-8005-77d9754b14a6%2FAPunk_HIGH.webm", "jmcs://jd-contents/APunk/APunk.ogg": "https://cdn.glitch.me/987fcfcc-18ca-4bb2-8005-77d9754b14a6%2FAPunk.ogg"}}