{"__class": "ContentAuthorizationEntry", "duration": 300, "changelist": 564656, "urls": {"jmcs://jd-contents/AThousandDances/AThousandDances_ULTRA.webm": "https://cdn.glitch.me/c6807563-9703-4452-bd7b-b06e822ec772/AThousandDances_ULTRA.webm", "jmcs://jd-contents/AThousandDances/AThousandDances_MID.webm": "https://cdn.glitch.me/c6807563-9703-4452-bd7b-b06e822ec772/AThousandDances_MID.webm", "jmcs://jd-contents/AThousandDances/AThousandDances_LOW.webm": "https://cdn.glitch.me/c6807563-9703-4452-bd7b-b06e822ec772/AThousandDances_LOW.webm", "jmcs://jd-contents/AThousandDances/AThousandDances_HIGH.webm": "https://cdn.glitch.me/c6807563-9703-4452-bd7b-b06e822ec772/AThousandDances_HIGH.webm", "jmcs://jd-contents/AThousandDances/AThousandDances.ogg": "https://cdn.glitch.me/c6807563-9703-4452-bd7b-b06e822ec772/AThousandDances.ogg"}}