{"__class": "ContentAuthorizationEntry", "duration": 300000, "changelist": 300, "urls": {"jmcs://jd-contents/Automaton/Automaton_ULTRA.webm": "https://cdn.glitch.me/c6807563-9703-4452-bd7b-b06e822ec772%2FAutomaton_ULTRA.webm?v=1617212253240", "jmcs://jd-contents/Automaton/Automaton_HIGH.webm": "https://cdn.glitch.me/c6807563-9703-4452-bd7b-b06e822ec772%2FAutomaton_HIGH.webm?v=1617211579662", "jmcs://jd-contents/Automaton/Automaton_MID.webm": "https://cdn.glitch.me/c6807563-9703-4452-bd7b-b06e822ec772%2FAutomaton_MID.webm?v=1617209583516", "jmcs://jd-contents/Automaton/Automaton_LOW.webm": "https://cdn.glitch.me/c6807563-9703-4452-bd7b-b06e822ec772%2FAutomaton_LOW.webm?v=1617208559216", "jmcs://jd-contents/Automaton/Automaton.ogg": "https://cdn.glitch.me/c6807563-9703-4452-bd7b-b06e822ec772%2FAutomaton.ogg?v=1617212843092"}}