{"__class": "ContentAuthorizationEntry", "duration": 300, "changelist": 535312, "urls": {"jmcs://jd-contents/BabyOneMoreQUAT/BabyOneMoreQUAT_ULTRA.webm": "https://cdn.glitch.me/8244bf6c-2e1d-40d5-b771-996e9b40f7d7%2Fbabyone_high.webm?v=1611165050506", "jmcs://jd-contents/BabyOneMoreQUAT/BabyOneMoreQUAT_MID.webm": "https://cdn.glitch.me/8244bf6c-2e1d-40d5-b771-996e9b40f7d7%2Fbabyone_mid.webm?v=1611164885204", "jmcs://jd-contents/BabyOneMoreQUAT/BabyOneMoreQUAT_LOW.webm": "https://cdn.glitch.me/8244bf6c-2e1d-40d5-b771-996e9b40f7d7%2Fbabyone_low.webm?v=1611164751930", "jmcs://jd-contents/BabyOneMoreQUAT/BabyOneMoreQUAT_HIGH.webm": "https://cdn.glitch.me/8244bf6c-2e1d-40d5-b771-996e9b40f7d7%2Fbabyone_high.webm?v=1611165050506", "jmcs://jd-contents/BabyOneMoreQUAT/BabyOneMoreQUAT.ogg": "https://cdn.glitch.me/8244bf6c-2e1d-40d5-b771-996e9b40f7d7%2Fbabyonemorequat.ogg?v=1611164707936"}}