{"__class": "ContentAuthorizationEntry", "duration": 300, "changelist": 543670, "urls": {"jmcs://jd-contents/BadBoy/BadBoy_ULTRA.webm": "https://cdn.glitch.me/bf3d9089-bedb-472f-a91f-e67773830708%2FBadBoy_ULTRA.webm?v=1612821608733", "jmcs://jd-contents/BadBoy/BadBoy_MID.webm": "https://cdn.glitch.me/bf3d9089-bedb-472f-a91f-e67773830708%2FBadBoy_MID.webm?v=1612821531383", "jmcs://jd-contents/BadBoy/BadBoy_LOW.webm": "https://cdn.glitch.me/bf3d9089-bedb-472f-a91f-e67773830708%2FBadBoy_LOW.webm?v=1612821491814", "jmcs://jd-contents/BadBoy/BadBoy_HIGH.webm": "https://cdn.glitch.me/bf3d9089-bedb-472f-a91f-e67773830708%2FBadBoy_HIGH.webm?v=1612821579446", "jmcs://jd-contents/BadBoy/BadBoy.ogg": "https://cdn.glitch.me/bf3d9089-bedb-472f-a91f-e67773830708%2FBadBoy.ogg?v=1612821444668"}}