{"__class": "ContentAuthorizationEntry", "duration": 300, "changelist": 543670, "urls": {"jmcs://jd-contents/BadGuy/BadGuy_ULTRA.webm": "https://cdn.glitch.me/253949fc-b561-4250-aa5b-b32da09824d2%2FBadGuy_ULTRA.webm?v=1615649020249", "jmcs://jd-contents/BadGuy/BadGuy_MID.webm": "https://cdn.glitch.me/253949fc-b561-4250-aa5b-b32da09824d2%2FBadGuy_MID.webm?v=1615649010531", "jmcs://jd-contents/BadGuy/BadGuy_LOW.webm": "https://cdn.glitch.me/253949fc-b561-4250-aa5b-b32da09824d2%2FBadGuy_LOW.webm?v=1615649001811", "jmcs://jd-contents/BadGuy/BadGuy_HIGH.webm": "https://cdn.glitch.me/253949fc-b561-4250-aa5b-b32da09824d2%2FBadGuy_HIGH.webm?v=1615649018173", "jmcs://jd-contents/BadGuy/BadGuy.ogg": "https://cdn.glitch.me/253949fc-b561-4250-aa5b-b32da09824d2%2FBadGuy.ogg?v=1615648999558"}}