{"__class": "ContentAuthorizationEntry", "duration": 300, "changelist": 535312, "urls": {"jmcs://jd-contents/Bailando1997/Bailando1997_ULTRA.webm": "https://cdn.glitch.me/8244bf6c-2e1d-40d5-b771-996e9b40f7d7%2Fclean.output_HIGH.webm?v=1609531797562", "jmcs://jd-contents/Bailando1997/Bailando1997_MID.webm": "https://cdn.glitch.me/8244bf6c-2e1d-40d5-b771-996e9b40f7d7%2Fclean.output_MID.webm?v=1609531482117", "jmcs://jd-contents/Bailando1997/Bailando1997_LOW.webm": "https://cdn.glitch.me/8244bf6c-2e1d-40d5-b771-996e9b40f7d7%2Fclean.output_LOW.webm?v=1609531335533", "jmcs://jd-contents/Bailando1997/Bailando1997_HIGH.webm": "https://cdn.glitch.me/8244bf6c-2e1d-40d5-b771-996e9b40f7d7%2Fclean.output_HIGH.webm?v=1609531797562", "jmcs://jd-contents/Bailando1997/Bailando1997.ogg": "https://cdn.glitch.me/8244bf6c-2e1d-40d5-b771-996e9b40f7d7%2Fbailando1997.wav3.ogg?v=1609609802073"}}