{"__class": "ContentAuthorizationEntry", "duration": 300000, "changelist": 300, "urls": {"jmcs://jd-contents/Balance/Balance_ULTRA.webm": "https://cdn.glitch.me/c6807563-9703-4452-bd7b-b06e822ec772%2FBalance_ULTRA.webm?v=1617212627327", "jmcs://jd-contents/Balance/Balance_HIGH.webm": "https://cdn.glitch.me/c6807563-9703-4452-bd7b-b06e822ec772%2FBalance_HIGH.webm?v=1617211226375", "jmcs://jd-contents/Balance/Balance_MID.webm": "https://cdn.glitch.me/c6807563-9703-4452-bd7b-b06e822ec772%2FBalance_MID.webm?v=1617209675627", "jmcs://jd-contents/Balance/Balance_LOW.webm": "https://cdn.glitch.me/c6807563-9703-4452-bd7b-b06e822ec772%2FBalance_LOW.webm?v=1617208574498", "jmcs://jd-contents/Balance/Balance.ogg": "https://cdn.glitch.me/c6807563-9703-4452-bd7b-b06e822ec772%2FBalance.ogg?v=1617212832704"}}