{"__class": "ContentAuthorizationEntry", "duration": 300, "changelist": 564656, "urls": {"jmcs://jd-contents/BalMasque/BalMasque_ULTRA.webm": "https://cdn.glitch.me/253949fc-b561-4250-aa5b-b32da09824d2%2FBalMasque_ULTRA.webm?v=1615646920628", "jmcs://jd-contents/BalMasque/BalMasque_MID.webm": "https://cdn.glitch.me/253949fc-b561-4250-aa5b-b32da09824d2%2FBalMasque_ID.webm?v=1615646796081", "jmcs://jd-contents/BalMasque/BalMasque_LOW.webm": "https://cdn.glitch.me/253949fc-b561-4250-aa5b-b32da09824d2%2FBalMasque_LOW.webm?v=1615646797313", "jmcs://jd-contents/BalMasque/BalMasque_HIGH.webm": "https://cdn.glitch.me/253949fc-b561-4250-aa5b-b32da09824d2%2FBalMasque_HIGH.webm?v=1615646818608", "jmcs://jd-contents/BalMasque/BalMasque.ogg": "https://cdn.glitch.me/253949fc-b561-4250-aa5b-b32da09824d2%2FBalMasque.ogg?v=1615646783108"}}