{"__class": "ContentAuthorizationEntry", "duration": 300000, "changelist": 300, "urls": {"jmcs://jd-contents/Bang2019ALT/Bang2019ALT_ULTRA.webm": "https://cdn.glitch.me/a26ba0ac-032e-4eda-a9f6-6db88289ff87%2FBang2019ALT_ULTRA.webm?v=1616012805284", "jmcs://jd-contents/Bang2019ALT/Bang2019ALT_HIGH.webm": "https://cdn.glitch.me/a26ba0ac-032e-4eda-a9f6-6db88289ff87%2FBang2019ALT_HIGH.webm?v=1616011985347", "jmcs://jd-contents/Bang2019ALT/Bang2019ALT_MID.webm": "https://cdn.glitch.me/a26ba0ac-032e-4eda-a9f6-6db88289ff87%2FBang2019ALT_MID.webm?v=1616011523588", "jmcs://jd-contents/Bang2019ALT/Bang2019ALT_LOW.webm": "https://cdn.glitch.me/a26ba0ac-032e-4eda-a9f6-6db88289ff87%2FBang2019ALT_LOW.webm?v=1616011125091", "jmcs://jd-contents/Bang2019ALT/Bang2019ALT.ogg": "https://cdn.glitch.me/a26ba0ac-032e-4eda-a9f6-6db88289ff87%2FBang2019ALT.ogg?v=1616010911505"}}