{"__class": "ContentAuthorizationEntry", "duration": 300000, "changelist": 300, "urls": {"jmcs://jd-contents/Bang2019/Bang2019_ULTRA.webm": "https://cdn.glitch.me/c6807563-9703-4452-bd7b-b06e822ec772%2FBang2019_ULTRA.webm?v=1617212193064", "jmcs://jd-contents/Bang2019/Bang2019_HIGH.webm": "https://cdn.glitch.me/c6807563-9703-4452-bd7b-b06e822ec772%2FBang2019_HIGH.webm?v=1617211430327", "jmcs://jd-contents/Bang2019/Bang2019_MID.webm": "https://cdn.glitch.me/c6807563-9703-4452-bd7b-b06e822ec772%2FBang2019_MID.webm?v=1617209614723", "jmcs://jd-contents/Bang2019/Bang2019_LOW.webm": "https://cdn.glitch.me/c6807563-9703-4452-bd7b-b06e822ec772%2FBang2019_LOW.webm?v=1617210117338", "jmcs://jd-contents/Bang2019/Bang2019.ogg": "https://cdn.glitch.me/c6807563-9703-4452-bd7b-b06e822ec772%2FBang2019.ogg?v=1617212822641"}}