{"__class": "ContentAuthorizationEntry", "duration": 300, "changelist": 564656, "urls": {"jmcs://jd-contents/BangarangALT/BangarangALT_ULTRA.webm": "https://cdn.glitch.me/922d07fc-235c-4006-a1d2-cdae305c9fb6%2FBangarangALT_ULTRA.webm?v=1609768023916", "jmcs://jd-contents/BangarangALT/BangarangALT_MID.webm": "https://cdn.glitch.me/922d07fc-235c-4006-a1d2-cdae305c9fb6%2FBangarangALT_MID.webm?v=1609767844085", "jmcs://jd-contents/BangarangALT/BangarangALT_LOW.webm": "https://cdn.glitch.me/922d07fc-235c-4006-a1d2-cdae305c9fb6%2FBangarangALT_LOW.webm?v=1609767800544", "jmcs://jd-contents/BangarangALT/BangarangALT_HIGH.webm": "https://cdn.glitch.me/922d07fc-235c-4006-a1d2-cdae305c9fb6%2FBangarangALT_HIGH.webm?v=1609767909281", "jmcs://jd-contents/BangarangALT/BangarangALT.ogg": "https://cdn.glitch.me/922d07fc-235c-4006-a1d2-cdae305c9fb6%2FBangarangALT.ogg?v=1609767786514"}}