{"__class": "ContentAuthorizationEntry", "duration": 300, "changelist": 509807, "urls": {"jmcs://jd-contents/BarbraStreisand/BarbraStreisand_ULTRA.webm": "https://cdn.glitch.me/610b9ee1-4b9f-4aa0-8fa7-d37ffc28b0b0%2FBabraStreisand_ULTRA.webm?v=1609013548209", "jmcs://jd-contents/BarbraStreisand/BarbraStreisand_HIGH.webm": "https://cdn.glitch.me/610b9ee1-4b9f-4aa0-8fa7-d37ffc28b0b0%2FBabraStreisand_HIGH.webm?v=1609013560442", "jmcs://jd-contents/BarbraStreisand/BarbraStreisand_MID.webm": "https://cdn.glitch.me/610b9ee1-4b9f-4aa0-8fa7-d37ffc28b0b0%2FBabraStreisand_MID.webm?v=1609013523562", "jmcs://jd-contents/BarbraStreisand/BarbraStreisand_LOW.webm": "https://cdn.glitch.me/610b9ee1-4b9f-4aa0-8fa7-d37ffc28b0b0%2FBabraStreisand_LOW.webm?v=1609013525293", "jmcs://jd-contents/BarbraStreisand/BarbraStreisand.ogg": "https://cdn.glitch.me/610b9ee1-4b9f-4aa0-8fa7-d37ffc28b0b0%2FBarbraStreisand.ogg?v=1609013523806"}}