{"__class": "ContentAuthorizationEntry", "duration": 300, "changelist": 280634, "urls": {"jmcs://jd-contents/Barbie/Barbie_ULTRA.webm": "https://jd-s3.akamaized.net/private/map/Barbie/Barbie_ULTRA.webm/77a507494abf48140bd4c7e6a7584308.webm?auth=exp=16169822413600~acl=/private/map/Barbie/*~hmac=fc27715213b233afe1f71a727336dfeb85e0c12c703e9038f1a9f4cc310e0efe", "jmcs://jd-contents/Barbie/Barbie_MID.webm": "https://jd-s3.akamaized.net/private/map/Barbie/Barbie_MID.webm/84dfc7408d8d6c9d114aa9545e4ddaaa.webm?auth=exp=16169822413600~acl=/private/map/Barbie/*~hmac=fc27715213b233afe1f71a727336dfeb85e0c12c703e9038f1a9f4cc310e0efe", "jmcs://jd-contents/Barbie/Barbie_LOW.webm": "https://jd-s3.akamaized.net/private/map/Barbie/Barbie_LOW.webm/be325ee4a89cbe4d1a6f389637795cde.webm?auth=exp=16169822413600~acl=/private/map/Barbie/*~hmac=fc27715213b233afe1f71a727336dfeb85e0c12c703e9038f1a9f4cc310e0efe", "jmcs://jd-contents/Barbie/Barbie_HIGH.webm": "https://jd-s3.akamaized.net/private/map/Barbie/Barbie_HIGH.webm/d09d9e32c897e497f438625cd950e1c0.webm?auth=exp=16169822413600~acl=/private/map/Barbie/*~hmac=fc27715213b233afe1f71a727336dfeb85e0c12c703e9038f1a9f4cc310e0efe", "jmcs://jd-contents/Barbie/Barbie.ogg": "https://jd-s3.akamaized.net/private/map/Barbie/Barbie.ogg/fb225f201073d28e5a6f0f6ece63f59c.ogg?auth=exp=16169822413600~acl=/private/map/Barbie/*~hmac=fc27715213b233afe1f71a727336dfeb85e0c12c703e9038f1a9f4cc310e0efe"}}