{"__class": "ContentAuthorizationEntry", "duration": 300, "changelist": 564656, "urls": {"jmcs://jd-contents/BassaSababa/BassaSababa_ULTRA.webm": "https://cdn.glitch.me/253949fc-b561-4250-aa5b-b32da09824d2%2FBassaSababa_ULTRA.webm?v=1615645558274", "jmcs://jd-contents/BassaSababa/BassaSababa_MID.webm": "https://cdn.glitch.me/253949fc-b561-4250-aa5b-b32da09824d2%2FBassaSababa_MID.webm?v=1615645534705", "jmcs://jd-contents/BassaSababa/BassaSababa_LOW.webm": "https://cdn.glitch.me/253949fc-b561-4250-aa5b-b32da09824d2%2FBassaSababa_LOW.webm?v=1615645530295", "jmcs://jd-contents/BassaSababa/BassaSababa_HIGH.webm": "https://cdn.glitch.me/253949fc-b561-4250-aa5b-b32da09824d2%2FBassaSababa_HIGH.webm?v=1615645594403", "jmcs://jd-contents/BassaSababa/BassaSababa.ogg": "https://cdn.glitch.me/253949fc-b561-4250-aa5b-b32da09824d2%2FBassaSababa.ogg?v=1615645584835"}}