{"__class": "ContentAuthorizationEntry", "duration": 300, "changelist": 509807, "urls": {"jmcs://jd-contents/BeautifulLiar/BeautifulLiar_ULTRA.webm": "https://cdn.glitch.me/f2501b94-ff89-4784-84e4-c6499f81f09e%2Fbeautifulliar_ULTRA.webm?v=1626438097527", "jmcs://jd-contents/BeautifulLiar/BeautifulLiar_HIGH.webm": "https://cdn.glitch.me/f2501b94-ff89-4784-84e4-c6499f81f09e%2Fbeautifulliar_ULTRA.webm?v=1626438097527", "jmcs://jd-contents/BeautifulLiar/BeautifulLiar_MID.webm": "https://cdn.glitch.me/f2501b94-ff89-4784-84e4-c6499f81f09e%2Fbeautifulliar_MID.webm?v=1626438083943", "jmcs://jd-contents/BeautifulLiar/BeautifulLiar_LOW.webm": "https://cdn.glitch.me/f2501b94-ff89-4784-84e4-c6499f81f09e%2Fbeautifulliar_LOW.webm?v=1626438074150", "jmcs://jd-contents/BeautifulLiar/BeautifulLiar.ogg": "https://cdn.glitch.me/f2501b94-ff89-4784-84e4-c6499f81f09e%2Fbeautifulliar.ogg?v=1626438059032"}}