{"__class": "ContentAuthorizationEntry", "duration": 300000, "changelist": 300, "urls": {"jmcs://jd-contents/BestSongEver/BestSongEver_ULTRA.webm": "https://cdn.glitch.me/253949fc-b561-4250-aa5b-b32da09824d2%2FBestSongEver_ULTRA.webm?v=1616077310312", "jmcs://jd-contents/BestSongEver/BestSongEver_HIGH.webm": "https://cdn.glitch.me/253949fc-b561-4250-aa5b-b32da09824d2%2FBestSongEver_HIGH.webm?v=1616077236786", "jmcs://jd-contents/BestSongEver/BestSongEver_MID.webm": "https://cdn.glitch.me/253949fc-b561-4250-aa5b-b32da09824d2%2FBestSongEver_MID.webm?v=1616077174664", "jmcs://jd-contents/BestSongEver/BestSongEver_LOW.webm": "https://cdn.glitch.me/253949fc-b561-4250-aa5b-b32da09824d2%2FBestSongEver_LOW.webm?v=1616077332336", "jmcs://jd-contents/BestSongEver/BestSongEver.ogg": "https://cdn.glitch.me/253949fc-b561-4250-aa5b-b32da09824d2%2FBestSongEver.ogg?v=1616077130732"}}