{"__class": "ContentAuthorizationEntry", "duration": 300000, "changelist": 300, "urls": {"jmcs://jd-contents/BigGirl/BigGirl_ULTRA.webm": "https://cdn.glitch.me/c6807563-9703-4452-bd7b-b06e822ec772%2FBigGirl_ULTRA.webm?v=1617248370310", "jmcs://jd-contents/BigGirl/BigGirl_HIGH.webm": "https://cdn.glitch.me/c6807563-9703-4452-bd7b-b06e822ec772%2FBigGirl_HIGH.webm?v=1617247885100", "jmcs://jd-contents/BigGirl/BigGirl_MID.webm": "https://cdn.glitch.me/c6807563-9703-4452-bd7b-b06e822ec772%2FBigGirl_MID.webm?v=1617247537307", "jmcs://jd-contents/BigGirl/BigGirl_LOW.webm": "https://cdn.glitch.me/c6807563-9703-4452-bd7b-b06e822ec772%2FBigGirl_LOW.webm?v=1617247348992", "jmcs://jd-contents/BigGirl/BigGirl.ogg": "https://cdn.glitch.me/c6807563-9703-4452-bd7b-b06e822ec772%2FBigGirl.ogg?v=1617246978611"}}