{"__class": "ContentAuthorizationEntry", "duration": 300, "changelist": 280634, "urls": {"jmcs://jd-contents/BlackMamba/BlackMamba_ULTRA.webm": "https://cdn.glitch.me/a34690a7-28a9-41f2-b75c-eb3501ba1fdd%2FBlackMamba_HIGH.webm?v=1608852608399", "jmcs://jd-contents/BlackMamba/BlackMamba_ULTRA.hd.webm": "https://cdn.glitch.me/a34690a7-28a9-41f2-b75c-eb3501ba1fdd%2FBlackMamba_HIGH.webm?v=1608852608399", "jmcs://jd-contents/BlackMamba/BlackMamba_MID.webm": "https://cdn.glitch.me/a34690a7-28a9-41f2-b75c-eb3501ba1fdd%2FBlackMamba_MID.webm?v=1608852562440", "jmcs://jd-contents/BlackMamba/BlackMamba_MID.hd.webm": "https://cdn.glitch.me/a34690a7-28a9-41f2-b75c-eb3501ba1fdd%2FBlackMamba_MID.webm?v=1608852562440", "jmcs://jd-contents/BlackMamba/BlackMamba_LOW.webm": "https://cdn.glitch.me/a34690a7-28a9-41f2-b75c-eb3501ba1fdd%2FBlackMamba_LOW.webm?v=1608852514871", "jmcs://jd-contents/BlackMamba/BlackMamba_LOW.hd.webm": "https://cdn.glitch.me/a34690a7-28a9-41f2-b75c-eb3501ba1fdd%2FBlackMamba_LOW.webm?v=1608852514871", "jmcs://jd-contents/BlackMamba/BlackMamba_HIGH.webm": "https://cdn.glitch.me/a34690a7-28a9-41f2-b75c-eb3501ba1fdd%2FBlackMamba_HIGH.webm?v=1608852608399", "jmcs://jd-contents/BlackMamba/BlackMamba_HIGH.hd.webm": "https://cdn.glitch.me/a34690a7-28a9-41f2-b75c-eb3501ba1fdd%2FBlackMamba_HIGH.webm?v=1608852608399", "jmcs://jd-contents/BlackMamba/BlackMamba.ogg": "https://cdn.glitch.me/a34690a7-28a9-41f2-b75c-eb3501ba1fdd%2FBlackMamba.ogg?v=1608852477399"}}