{"__class": "ContentAuthorizationEntry", "duration": 300, "changelist": 564656, "urls": {"jmcs://jd-contents/BlindingLightsALT/BlindingLightsALT_ULTRA.webm": "https://cdn.glitch.me/363023d0-90ae-4a33-a4cd-cebdccb8b5f2/clean.BLALT_ULTRA.webm", "jmcs://jd-contents/BlindingLightsALT/BlindingLightsALT_MID.webm": "https://cdn.glitch.me/363023d0-90ae-4a33-a4cd-cebdccb8b5f2/clean.BLALT_MID.webm", "jmcs://jd-contents/BlindingLightsALT/BlindingLightsALT_LOW.webm": "https://cdn.glitch.me/363023d0-90ae-4a33-a4cd-cebdccb8b5f2/clean.BLALT_LOW.webm", "jmcs://jd-contents/BlindingLightsALT/BlindingLightsALT_HIGH.webm": "https://cdn.glitch.me/363023d0-90ae-4a33-a4cd-cebdccb8b5f2/clean.BLALT_ULTRA.webm", "jmcs://jd-contents/BlindingLightsALT/BlindingLightsALT.ogg": "https://cdn.glitch.me/363023d0-90ae-4a33-a4cd-cebdccb8b5f2%2FBlindingLightsALT_audio.ogg?v=1612668082404"}}