{"__class": "ContentAuthorizationEntry", "duration": 300000, "changelist": 300, "urls": {"jmcs://jd-contents/BlowYourMind/BlowYourMind_ULTRA.webm": "https://cdn.glitch.me/922d07fc-235c-4006-a1d2-cdae305c9fb6%2FBlowYourMind_ULTRA.webm?v=1609356040263", "jmcs://jd-contents/BlowYourMind/BlowYourMind_HIGH.webm": "https://cdn.glitch.me/922d07fc-235c-4006-a1d2-cdae305c9fb6%2FBlowYourMind_HIGH.webm?v=1609355930619", "jmcs://jd-contents/BlowYourMind/BlowYourMind_MID.webm": "https://cdn.glitch.me/922d07fc-235c-4006-a1d2-cdae305c9fb6%2FBlowYourMind_MID.webm?v=1609355878231", "jmcs://jd-contents/BlowYourMind/BlowYourMind_LOW.webm": "https://cdn.glitch.me/922d07fc-235c-4006-a1d2-cdae305c9fb6%2FBlowYourMind_LOW.webm?v=1609355853625", "jmcs://jd-contents/BlowYourMind/BlowYourMind.ogg": "https://cdn.glitch.me/922d07fc-235c-4006-a1d2-cdae305c9fb6%2FBlowYourMind.ogg?v=1609355838640"}}