{"__class": "ContentAuthorizationEntry", "duration": 300000, "changelist": 300, "urls": {"jmcs://jd-contents/BlurredLines/BlurredLines_ULTRA.webm": "https://cdn.glitch.me/c6807563-9703-4452-bd7b-b06e822ec772%2FBlurredLines_ULTRA.webm?v=1617221695866", "jmcs://jd-contents/BlurredLines/BlurredLines_HIGH.webm": "https://cdn.glitch.me/c6807563-9703-4452-bd7b-b06e822ec772%2FBlurredLines_HIGH.webm?v=1617220805356", "jmcs://jd-contents/BlurredLines/BlurredLines_MID.webm": "https://cdn.glitch.me/c6807563-9703-4452-bd7b-b06e822ec772%2FBlurredLines_MID.webm?v=1617220390029", "jmcs://jd-contents/BlurredLines/BlurredLines_LOW.webm": "https://cdn.glitch.me/c6807563-9703-4452-bd7b-b06e822ec772%2FBlurredLines_LOW.webm?v=1617220064207", "jmcs://jd-contents/BlurredLines/BlurredLines.ogg": "https://cdn.glitch.me/c6807563-9703-4452-bd7b-b06e822ec772%2FBlurredLines.ogg?v=1617219371391"}}