{"__class": "ContentAuthorizationEntry", "duration": 300000, "changelist": 300, "urls": {"jmcs://jd-contents/BlurredLinesALTDLC/BlurredLinesALTDLC_ULTRA.webm": "https://cdn.glitch.me/c6807563-9703-4452-bd7b-b06e822ec772%2FBlurredLinesALTDLC_ULTRA.webm?v=1617221459344", "jmcs://jd-contents/BlurredLinesALTDLC/BlurredLinesALTDLC_HIGH.webm": "https://cdn.glitch.me/c6807563-9703-4452-bd7b-b06e822ec772%2FBlurredLinesALTDLC_HIGH.webm?v=1617220790601", "jmcs://jd-contents/BlurredLinesALTDLC/BlurredLinesALTDLC_MID.webm": "https://cdn.glitch.me/c6807563-9703-4452-bd7b-b06e822ec772%2FBlurredLinesALTDLC_MID.webm?v=1617220453025", "jmcs://jd-contents/BlurredLinesALTDLC/BlurredLinesALTDLC_LOW.webm": "https://cdn.glitch.me/c6807563-9703-4452-bd7b-b06e822ec772%2FBlurredLinesALTDLC_LOW.webm?v=1617220071831", "jmcs://jd-contents/BlurredLinesALTDLC/BlurredLinesALTDLC.ogg": "https://cdn.glitch.me/c6807563-9703-4452-bd7b-b06e822ec772%2FBlurredLinesALTDLC.ogg?v=1617219370691"}}