{"__class": "ContentAuthorizationEntry", "duration": 300, "changelist": 564656, "urls": {"jmcs://jd-contents/BollywoodXmas/BollywoodXmas_ULTRA.webm": "https://cdn.glitch.me/c6807563-9703-4452-bd7b-b06e822ec772/BollywoodXmas_ULTRA.webm", "jmcs://jd-contents/BollywoodXmas/BollywoodXmas_MID.webm": "https://cdn.glitch.me/c6807563-9703-4452-bd7b-b06e822ec772/BollywoodXmas_MID.webm", "jmcs://jd-contents/BollywoodXmas/BollywoodXmas_LOW.webm": "https://cdn.glitch.me/c6807563-9703-4452-bd7b-b06e822ec772/BollywoodXmas_LOW.webm", "jmcs://jd-contents/BollywoodXmas/BollywoodXmas_HIGH.webm": "https://cdn.glitch.me/c6807563-9703-4452-bd7b-b06e822ec772/BollywoodXmas_HIGH.webm", "jmcs://jd-contents/BollywoodXmas/BollywoodXmas.ogg": "https://cdn.glitch.me/c6807563-9703-4452-bd7b-b06e822ec772/BollywoodXmas.ogg"}}