{"__class": "ContentAuthorizationEntry", "duration": 300000, "changelist": 300, "urls": {"jmcs://jd-contents/BoomDLC/BoomDLC_ULTRA.webm": "https://cdn.glitch.me/c6807563-9703-4452-bd7b-b06e822ec772%2FBoomDLC_ULTRA.webm?v=1617221346341", "jmcs://jd-contents/BoomDLC/BoomDLC_HIGH.webm": "https://cdn.glitch.me/c6807563-9703-4452-bd7b-b06e822ec772%2FBoomDLC_HIGH.webm?v=1617220692492", "jmcs://jd-contents/BoomDLC/BoomDLC_MID.webm": "https://cdn.glitch.me/c6807563-9703-4452-bd7b-b06e822ec772%2FBoomDLC_MID.webm?v=1617220316901", "jmcs://jd-contents/BoomDLC/BoomDLC_LOW.webm": "https://cdn.glitch.me/c6807563-9703-4452-bd7b-b06e822ec772%2FBoomDLC_LOW.webm?v=1617220050611", "jmcs://jd-contents/BoomDLC/BoomDLC.ogg": "https://cdn.glitch.me/c6807563-9703-4452-bd7b-b06e822ec772%2FBoomDLC.ogg?v=1617219368481"}}