{"__class": "ContentAuthorizationEntry", "duration": 300, "changelist": 466919, "urls": {"jmcs://jd-contents/BornThisWay/BornThisWay_ULTRA.webm": "https://cdn.glitch.me/da420b31-7737-45a1-b1e4-809473a2fcd0%2FBornThisWay_ULTRA.webm?v=1612832237788", "jmcs://jd-contents/BornThisWay/BornThisWay_MID.webm": "https://cdn.glitch.me/da420b31-7737-45a1-b1e4-809473a2fcd0%2FBornThisWay_MID.webm?v=1612832086742", "jmcs://jd-contents/BornThisWay/BornThisWay_LOW.webm": "https://cdn.glitch.me/da420b31-7737-45a1-b1e4-809473a2fcd0%2FBornThisWay_LOW.webm?v=1612831989267", "jmcs://jd-contents/BornThisWay/BornThisWay_HIGH.webm": "https://cdn.glitch.me/da420b31-7737-45a1-b1e4-809473a2fcd0%2FBornThisWay_HIGH.webm?v=1612832149759", "jmcs://jd-contents/BornThisWay/BornThisWay.ogg": "https://cdn.glitch.me/da420b31-7737-45a1-b1e4-809473a2fcd0%2FBornThisWay.ogg?v=1612831985768"}}