{"__class": "ContentAuthorizationEntry", "duration": 300, "changelist": 564656, "urls": {"jmcs://jd-contents/Boys/Boys_ULTRA.webm": "https://cdn.glitch.me/bf3d9089-bedb-472f-a91f-e67773830708%2FBoys_ULTRA.webm?v=1612676421366", "jmcs://jd-contents/Boys/Boys_MID.webm": "https://cdn.glitch.me/bf3d9089-bedb-472f-a91f-e67773830708%2FBoys_MID.webm?v=1612676261755", "jmcs://jd-contents/Boys/Boys_LOW.webm": "https://cdn.glitch.me/bf3d9089-bedb-472f-a91f-e67773830708%2FBoys_LOW.webm?v=1612676184362", "jmcs://jd-contents/Boys/Boys_HIGH.webm": "https://cdn.glitch.me/bf3d9089-bedb-472f-a91f-e67773830708%2FBoys_HIGH.webm?v=1612676312704", "jmcs://jd-contents/Boys/Boys.ogg": "https://cdn.glitch.me/bf3d9089-bedb-472f-a91f-e67773830708%2FBoys.ogg?v=1612676165022"}}