{"__class": "ContentAuthorizationEntry", "duration": 300, "changelist": 564656, "urls": {"jmcs://jd-contents/Bremen/Bremen_ULTRA.webm": "https://cdn.glitch.me/c6807563-9703-4452-bd7b-b06e822ec772/Bremen_ULTRA.webm", "jmcs://jd-contents/Bremen/Bremen_MID.webm": "https://cdn.glitch.me/c6807563-9703-4452-bd7b-b06e822ec772/Bremen_MID.webm", "jmcs://jd-contents/Bremen/Bremen_LOW.webm": "https://cdn.glitch.me/c6807563-9703-4452-bd7b-b06e822ec772/Bremen_LOW.webm", "jmcs://jd-contents/Bremen/Bremen_HIGH.webm": "https://cdn.glitch.me/c6807563-9703-4452-bd7b-b06e822ec772/Bremen_HIGH.webm", "jmcs://jd-contents/Bremen/Bremen.ogg": "https://cdn.glitch.me/c6807563-9703-4452-bd7b-b06e822ec772/Bremen.ogg"}}