{"__class": "ContentAuthorizationEntry", "duration": 300, "changelist": 564656, "urls": {"jmcs://jd-contents/BrokenHeart/BrokenHeart_ULTRA.webm": "https://cdn.glitch.me/c6807563-9703-4452-bd7b-b06e822ec772/BrokenHeart_ULTRA.webm", "jmcs://jd-contents/BrokenHeart/BrokenHeart_MID.webm": "https://cdn.glitch.me/c6807563-9703-4452-bd7b-b06e822ec772/BrokenHeart_MID.webm", "jmcs://jd-contents/BrokenHeart/BrokenHeart_LOW.webm": "https://cdn.glitch.me/c6807563-9703-4452-bd7b-b06e822ec772/BrokenHeart_LOW.webm", "jmcs://jd-contents/BrokenHeart/BrokenHeart_HIGH.webm": "https://cdn.glitch.me/c6807563-9703-4452-bd7b-b06e822ec772/BrokenHeart_HIGH.webm", "jmcs://jd-contents/BrokenHeart/BrokenHeart.ogg": "https://cdn.glitch.me/c6807563-9703-4452-bd7b-b06e822ec772/BrokenHeart.ogg"}}