{"__class": "ContentAuthorizationEntry", "duration": 300, "changelist": 568660, "urls": {"jmcs://jd-contents/Burn/Burn_ULTRA.webm": "https://cdn.glitch.me/c79885f9-42cc-4227-bcc7-ca8ae201a613%2Fburnultra.webm?v=1612102175077", "jmcs://jd-contents/Burn/Burn_MID.webm": "https://cdn.glitch.me/c79885f9-42cc-4227-bcc7-ca8ae201a613%2Fburnmid.webm?v=1611934504280", "jmcs://jd-contents/Burn/Burn_LOW.webm": "https://cdn.glitch.me/c79885f9-42cc-4227-bcc7-ca8ae201a613%2Fburnlow.webm?v=1611934383528", "jmcs://jd-contents/Burn/Burn_HIGH.webm": "https://cdn.glitch.me/c79885f9-42cc-4227-bcc7-ca8ae201a613%2Fburnhigh.webm?v=1611934652965", "jmcs://jd-contents/Burn/Burn.ogg": "https://cdn.glitch.me/9f987805-51e9-400c-88d2-cba974ed2d57%2Fburn.ogg?v=1612101217753"}}