{"__class": "ContentAuthorizationEntry", "duration": 300, "changelist": 535312, "urls": {"jmcs://jd-contents/ButtonsALT/ButtonsALT_ULTRA.webm": "https://cdn.glitch.me/5f723157-3676-4102-a72b-6acbaa1c7923%2FButtonsALT_ULTRA.webm", "jmcs://jd-contents/ButtonsALT/ButtonsALT_MID.webm": "https://cdn.glitch.me/5f723157-3676-4102-a72b-6acbaa1c7923%2FButtonsALT_MID.webm", "jmcs://jd-contents/ButtonsALT/ButtonsALT_LOW.webm": "https://cdn.glitch.me/5f723157-3676-4102-a72b-6acbaa1c7923%2FButtonsALT_LOW.webm", "jmcs://jd-contents/ButtonsALT/ButtonsALT_HIGH.webm": "https://cdn.glitch.me/5f723157-3676-4102-a72b-6acbaa1c7923%2FButtonsALT_HIGH.webm", "jmcs://jd-contents/ButtonsALT/ButtonsALT.ogg": "https://cdn.glitch.me/5f723157-3676-4102-a72b-6acbaa1c7923%2FButtonsALT.ogg"}}