{"__class": "ContentAuthorizationEntry", "duration": 300, "changelist": 535312, "urls": {"jmcs://jd-contents/Buttons/Buttons_ULTRA.webm": "https://cdn.glitch.me/5f723157-3676-4102-a72b-6acbaa1c7923%2FButtons_ULTRA.webm", "jmcs://jd-contents/Buttons/Buttons_MID.webm": "https://cdn.glitch.me/5f723157-3676-4102-a72b-6acbaa1c7923%2FButtons_MID.webm", "jmcs://jd-contents/Buttons/Buttons_LOW.webm": "https://cdn.glitch.me/5f723157-3676-4102-a72b-6acbaa1c7923%2FButtons_LOW.webm", "jmcs://jd-contents/Buttons/Buttons_HIGH.webm": "https://cdn.glitch.me/5f723157-3676-4102-a72b-6acbaa1c7923%2FButtons_HIGH.webm", "jmcs://jd-contents/Buttons/Buttons.ogg": "https://cdn.glitch.me/5f723157-3676-4102-a72b-6acbaa1c7923%2FButtons.ogg"}}