{"__class": "ContentAuthorizationEntry", "duration": 300000, "changelist": 300, "urls": {"jmcs://jd-contents/CakeByTheOceanALT/CakeByTheOceanALT_ULTRA.webm": "https://cdn.glitch.me/c6807563-9703-4452-bd7b-b06e822ec772%2FCakeByTheOceanALT_ULTRA.webm?v=1617326578324", "jmcs://jd-contents/CakeByTheOceanALT/CakeByTheOceanALT_HIGH.webm": "https://cdn.glitch.me/c6807563-9703-4452-bd7b-b06e822ec772%2FCakeByTheOceanALT_HIGH.webm?v=1617326484024", "jmcs://jd-contents/CakeByTheOceanALT/CakeByTheOceanALT_MID.webm": "https://cdn.glitch.me/c6807563-9703-4452-bd7b-b06e822ec772%2FCakeByTheOceanALT_MID.webm?v=1617326435426", "jmcs://jd-contents/CakeByTheOceanALT/CakeByTheOceanALT_LOW.webm": "https://cdn.glitch.me/c6807563-9703-4452-bd7b-b06e822ec772%2FCakeByTheOceanALT_LOW.webm?v=1617326384279", "jmcs://jd-contents/CakeByTheOceanALT/CakeByTheOceanALT.ogg": "https://cdn.glitch.me/c6807563-9703-4452-bd7b-b06e822ec772%2FCakeByTheOceanALT.ogg?v=1617326390251"}}