{"__class": "ContentAuthorizationEntry", "duration": 300, "changelist": 535312, "urls": {"jmcs://jd-contents/CaliforniaGurls/CaliforniaGurls_ULTRA.webm": "https://cdn.glitch.me/da420b31-7737-45a1-b1e4-809473a2fcd0%2FCaliforniaGurls_ULTRA.webm?v=1616198634380", "jmcs://jd-contents/CaliforniaGurls/CaliforniaGurls_MID.webm": "https://cdn.glitch.me/da420b31-7737-45a1-b1e4-809473a2fcd0%2FCaliforniaGurls_MID.webm?v=1616198440527", "jmcs://jd-contents/CaliforniaGurls/CaliforniaGurls_LOW.webm": "https://cdn.glitch.me/da420b31-7737-45a1-b1e4-809473a2fcd0%2FCaliforniaGurls_LOW.webm?v=1616198386422", "jmcs://jd-contents/CaliforniaGurls/CaliforniaGurls_HIGH.webm": "https://cdn.glitch.me/da420b31-7737-45a1-b1e4-809473a2fcd0%2FCaliforniaGurls_HIGH.webm?v=1616198505523", "jmcs://jd-contents/CaliforniaGurls/CaliforniaGurls.ogg": "https://cdn.glitch.me/da420b31-7737-45a1-b1e4-809473a2fcd0%2FCaliforniaGurls.ogg?v=1616198370199"}}