{"__class": "ContentAuthorizationEntry", "duration": 300000, "changelist": 300, "urls": {"jmcs://jd-contents/Calypso/Calypso_ULTRA.webm": "https://cdn.glitch.me/922d07fc-235c-4006-a1d2-cdae305c9fb6%2FCalypso_ULTRA.webm?v=1609505070830", "jmcs://jd-contents/Calypso/Calypso_HIGH.webm": "https://cdn.glitch.me/922d07fc-235c-4006-a1d2-cdae305c9fb6%2FCalypso_HIGH.webm?v=1609504939839", "jmcs://jd-contents/Calypso/Calypso_MID.webm": "https://cdn.glitch.me/922d07fc-235c-4006-a1d2-cdae305c9fb6%2FCalypso_MID.webm?v=1609504887422", "jmcs://jd-contents/Calypso/Calypso_LOW.webm": "https://cdn.glitch.me/922d07fc-235c-4006-a1d2-cdae305c9fb6%2FCalypso_LOW.webm?v=1609504824970", "jmcs://jd-contents/Calypso/Calypso.ogg": "https://cdn.glitch.me/922d07fc-235c-4006-a1d2-cdae305c9fb6%2FCalypso.ogg?v=1609504815329"}}