{"__class": "ContentAuthorizationEntry", "duration": 300, "changelist": 466919, "urls": {"jmcs://jd-contents/CanCan/CanCan_ULTRA.webm": "https://cdn.glitch.me/da420b31-7737-45a1-b1e4-809473a2fcd0%2FCanCan_ULTRA.webm?v=1613353653083", "jmcs://jd-contents/CanCan/CanCan_MID.webm": "https://cdn.glitch.me/da420b31-7737-45a1-b1e4-809473a2fcd0%2FCanCan_MID.webm?v=1613353462034", "jmcs://jd-contents/CanCan/CanCan_LOW.webm": "https://cdn.glitch.me/da420b31-7737-45a1-b1e4-809473a2fcd0%2FCanCan_LOW.webm?v=1613353437038", "jmcs://jd-contents/CanCan/CanCan_HIGH.webm": "https://cdn.glitch.me/da420b31-7737-45a1-b1e4-809473a2fcd0%2FCanCan_HIGH.webm?v=1613353480802", "jmcs://jd-contents/CanCan/CanCan.ogg": "https://cdn.glitch.me/da420b31-7737-45a1-b1e4-809473a2fcd0%2FCanCan.ogg?v=1613353394690"}}