{"__class": "ContentAuthorizationEntry", "duration": 300, "changelist": 466919, "urls": {"jmcs://jd-contents/Candy/Candy_ULTRA.webm": "https://cdn.glitch.me/d3bd9252-eb09-4dd8-9a8b-23936a86df9d%2Fclean.Candy_ULTRA.webm?v=1616208958487", "jmcs://jd-contents/Candy/Candy_MID.webm": "https://cdn.glitch.me/d3bd9252-eb09-4dd8-9a8b-23936a86df9d%2Fclean.Candy_MID.webm?v=1616208903129", "jmcs://jd-contents/Candy/Candy_LOW.webm": "https://cdn.glitch.me/d3bd9252-eb09-4dd8-9a8b-23936a86df9d%2Fclean.Candy_LOW.webm?v=1616208849225", "jmcs://jd-contents/Candy/Candy_HIGH.webm": "https://cdn.glitch.me/d3bd9252-eb09-4dd8-9a8b-23936a86df9d%2Fclean.Candy_ULTRA.webm?v=1616208958487", "jmcs://jd-contents/Candy/Candy.ogg": "https://cdn.glitch.me/a26ba0ac-032e-4eda-a9f6-6db88289ff87%2Fcandy.ogg?v=1616203989649"}}