{"__class": "ContentAuthorizationEntry", "duration": 300, "changelist": 564656, "urls": {"jmcs://jd-contents/CantGetYou/CantGetYou_ULTRA.webm": "https://cdn.glitch.me/c6807563-9703-4452-bd7b-b06e822ec772/CantGetYou_ULTRA.webm", "jmcs://jd-contents/CantGetYou/CantGetYou_MID.webm": "https://cdn.glitch.me/c6807563-9703-4452-bd7b-b06e822ec772/CantGetYou_MID.webm", "jmcs://jd-contents/CantGetYou/CantGetYou_LOW.webm": "https://cdn.glitch.me/c6807563-9703-4452-bd7b-b06e822ec772/CantGetYou_LOW.webm", "jmcs://jd-contents/CantGetYou/CantGetYou_HIGH.webm": "https://cdn.glitch.me/c6807563-9703-4452-bd7b-b06e822ec772/CantGetYou_ULTRA.webm", "jmcs://jd-contents/CantGetYou/CantGetYou.ogg": "https://cdn.glitch.me/c6807563-9703-4452-bd7b-b06e822ec772/CantGetYou_AUDIO.ogg"}}