{"__class": "ContentAuthorizationEntry", "duration": 300000, "changelist": 300, "urls": {"jmcs://jd-contents/CantFeelMyFace/CantFeelMyFace_ULTRA.webm": "https://cdn.glitch.me/c6807563-9703-4452-bd7b-b06e822ec772%2FCantFeelMyFace_ULTRA.webm?v=1617292584327", "jmcs://jd-contents/CantFeelMyFace/CantFeelMyFace_HIGH.webm": "https://cdn.glitch.me/c6807563-9703-4452-bd7b-b06e822ec772%2FCantFeelMyFace_HIGH.webm?v=1617291964347", "jmcs://jd-contents/CantFeelMyFace/CantFeelMyFace_MID.webm": "https://cdn.glitch.me/c6807563-9703-4452-bd7b-b06e822ec772%2FCantFeelMyFace_MID.webm?v=1617291698758", "jmcs://jd-contents/CantFeelMyFace/CantFeelMyFace_LOW.webm": "https://cdn.glitch.me/c6807563-9703-4452-bd7b-b06e822ec772%2FCantFeelMyFace_LOW.webm?v=1617290790455", "jmcs://jd-contents/CantFeelMyFace/CantFeelMyFace.ogg": "https://cdn.glitch.me/c6807563-9703-4452-bd7b-b06e822ec772%2FCantFeelMyFace.ogg?v=1617290710180"}}