{"__class": "ContentAuthorizationEntry", "duration": 300, "changelist": 564656, "urls": {"jmcs://jd-contents/CaPlane/CaPlane_ULTRA.webm": "https://cdn.glitch.me/c6807563-9703-4452-bd7b-b06e822ec772/CaPlane_ULTRA.webm", "jmcs://jd-contents/CaPlane/CaPlane_MID.webm": "https://cdn.glitch.me/c6807563-9703-4452-bd7b-b06e822ec772/CaPlane_MID.webm", "jmcs://jd-contents/CaPlane/CaPlane_LOW.webm": "https://cdn.glitch.me/c6807563-9703-4452-bd7b-b06e822ec772/CaPlane_LOW.webm", "jmcs://jd-contents/CaPlane/CaPlane_HIGH.webm": "https://cdn.glitch.me/c6807563-9703-4452-bd7b-b06e822ec772/CaPlane_HIGH.webm", "jmcs://jd-contents/CaPlane/CaPlane.ogg": "https://cdn.glitch.me/c6807563-9703-4452-bd7b-b06e822ec772/CaPlane.ogg"}}