{"__class": "ContentAuthorizationEntry", "duration": 300000, "changelist": 300, "urls": {"jmcs://jd-contents/CheapThrills/CheapThrills_ULTRA.webm": "https://cdn.glitch.me/c6807563-9703-4452-bd7b-b06e822ec772%2FCheapThrills_ULTRA.webm?v=1617292831354", "jmcs://jd-contents/CheapThrills/CheapThrills_HIGH.webm": "https://cdn.glitch.me/c6807563-9703-4452-bd7b-b06e822ec772%2FCheapThrills_HIGH.webm?v=1617292072340", "jmcs://jd-contents/CheapThrills/CheapThrills_MID.webm": "https://cdn.glitch.me/c6807563-9703-4452-bd7b-b06e822ec772%2FCheapThrills_MID.webm?v=1617291721814", "jmcs://jd-contents/CheapThrills/CheapThrills_LOW.webm": "https://cdn.glitch.me/c6807563-9703-4452-bd7b-b06e822ec772%2FCheapThrills_LOW.webm?v=1617290830060", "jmcs://jd-contents/CheapThrills/CheapThrills.ogg": "https://cdn.glitch.me/c6807563-9703-4452-bd7b-b06e822ec772%2FCheapThrills.ogg?v=1617290720159"}}