{"__class": "ContentAuthorizationEntry", "duration": 300, "changelist": 280634, "urls": {"jmcs://jd-contents/CheapThrillsMU/CheapThrillsMU_ULTRA.webm": "https://cdn.glitch.me/26b2e809-f8db-4bc6-8ead-d4c3efa970f2/CheapThrillsMU_ULTRA.webm", "jmcs://jd-contents/CheapThrillsMU/CheapThrillsMU_MID.webm": "https://cdn.glitch.me/26b2e809-f8db-4bc6-8ead-d4c3efa970f2/CheapThrillsMU_MID.webm", "jmcs://jd-contents/CheapThrillsMU/CheapThrillsMU_LOW.webm": "https://cdn.glitch.me/26b2e809-f8db-4bc6-8ead-d4c3efa970f2/CheapThrillsMU_LOW.webm", "jmcs://jd-contents/CheapThrillsMU/CheapThrillsMU_HIGH.webm": "https://cdn.glitch.me/26b2e809-f8db-4bc6-8ead-d4c3efa970f2/CheapThrillsMU_HIGH.webm", "jmcs://jd-contents/CheapThrillsMU/CheapThrillsMU.ogg": "https://cdn.glitch.me/26b2e809-f8db-4bc6-8ead-d4c3efa970f2/CheapThrillsMU.ogg"}}