{"__class": "ContentAuthorizationEntry", "duration": 300000, "changelist": 300, "urls": {"jmcs://jd-contents/CheapThrillsALT/CheapThrillsALT_ULTRA.webm": "https://cdn.glitch.me/c6807563-9703-4452-bd7b-b06e822ec772%2FCheapThrillsALT_ULTRA.webm?v=1617327463321", "jmcs://jd-contents/CheapThrillsALT/CheapThrillsALT_HIGH.webm": "https://cdn.glitch.me/c6807563-9703-4452-bd7b-b06e822ec772%2FCheapThrillsALT_HIGH.webm?v=1617327393888", "jmcs://jd-contents/CheapThrillsALT/CheapThrillsALT_MID.webm": "https://cdn.glitch.me/c6807563-9703-4452-bd7b-b06e822ec772%2FCheapThrillsALT_MID.webm?v=1617327316973", "jmcs://jd-contents/CheapThrillsALT/CheapThrillsALT_LOW.webm": "https://cdn.glitch.me/c6807563-9703-4452-bd7b-b06e822ec772%2FCheapThrillsALT_LOW.webm?v=1617327280252", "jmcs://jd-contents/CheapThrillsALT/CheapThrillsALT.ogg": "https://cdn.glitch.me/c6807563-9703-4452-bd7b-b06e822ec772%2FCheapThrillsALT.ogg?v=1617327266261"}}