{"__class": "ContentAuthorizationEntry", "duration": 300, "changelist": 280634, "urls": {"jmcs://jd-contents/China/China_ULTRA.webm": "https://cdn.glitch.me/fb7f2dff-1b2b-4061-b9eb-992a5de935d4%2FChina_HIGH.webm?v=1635366931459", "jmcs://jd-contents/China/China_MID.webm": "https://cdn.glitch.me/fb7f2dff-1b2b-4061-b9eb-992a5de935d4%2FChina_MID.webm?v=1635366911620", "jmcs://jd-contents/China/China_LOW.webm": "https://cdn.glitch.me/fb7f2dff-1b2b-4061-b9eb-992a5de935d4%2FChina_LOW.webm?v=1635366902743", "jmcs://jd-contents/China/China_HIGH.webm": "https://cdn.glitch.me/fb7f2dff-1b2b-4061-b9eb-992a5de935d4%2FChina_HIGH.webm?v=1635366931459", "jmcs://jd-contents/China/China_ULTRA.hd.webm": "https://cdn.glitch.me/fb7f2dff-1b2b-4061-b9eb-992a5de935d4%2FChina_HIGH.webm?v=1635366931459", "jmcs://jd-contents/China/China_MID.hd.webm": "https://cdn.glitch.me/fb7f2dff-1b2b-4061-b9eb-992a5de935d4%2FChina_MID.webm?v=1635366911620", "jmcs://jd-contents/China/China_LOW.hd.webm": "https://cdn.glitch.me/fb7f2dff-1b2b-4061-b9eb-992a5de935d4%2FChina_LOW.webm?v=1635366902743", "jmcs://jd-contents/China/China_HIGH.hd.webm": "https://cdn.glitch.me/fb7f2dff-1b2b-4061-b9eb-992a5de935d4%2FChina_HIGH.webm?v=1635366931459", "jmcs://jd-contents/China/China.ogg": "https://cdn.glitch.me/fb7f2dff-1b2b-4061-b9eb-992a5de935d4%2FChina.ogg?v=1635366894932"}}