{"__class": "ContentAuthorizationEntry", "duration": 300, "changelist": 466919, "urls": {"jmcs://jd-contents/Chiwawa/Chiwawa_ULTRA.webm": "https://cdn.glitch.me/da420b31-7737-45a1-b1e4-809473a2fcd0%2FChiwawa_ULTRA.webm?v=1612639273147", "jmcs://jd-contents/Chiwawa/Chiwawa_MID.webm": "https://cdn.glitch.me/da420b31-7737-45a1-b1e4-809473a2fcd0%2FChiwawa_MID.webm?v=1612639181284", "jmcs://jd-contents/Chiwawa/Chiwawa_LOW.webm": "https://cdn.glitch.me/da420b31-7737-45a1-b1e4-809473a2fcd0%2FChiwawa_LOW.webm?v=1612639083433", "jmcs://jd-contents/Chiwawa/Chiwawa_HIGH.webm": "https://cdn.glitch.me/da420b31-7737-45a1-b1e4-809473a2fcd0%2FChiwawa_HIGH.webm?v=1612639212153", "jmcs://jd-contents/Chiwawa/Chiwawa.ogg": "https://cdn.glitch.me/da420b31-7737-45a1-b1e4-809473a2fcd0%2FChiwawa.ogg?v=1612639056440"}}