{"__class": "ContentAuthorizationEntry", "duration": 300, "changelist": 466919, "urls": {"jmcs://jd-contents/CircusMU/CircusMU_ULTRA.webm": "https://cdn.glitch.me/a26ba0ac-032e-4eda-a9f6-6db88289ff87%2Fclean.circusmu_ULTRA.webm?v=1616189288078", "jmcs://jd-contents/CircusMU/CircusMU_MID.webm": "https://cdn.glitch.me/a26ba0ac-032e-4eda-a9f6-6db88289ff87%2Fclean.circusmu_MID.webm?v=1616189286023", "jmcs://jd-contents/CircusMU/CircusMU_LOW.webm": "https://cdn.glitch.me/a26ba0ac-032e-4eda-a9f6-6db88289ff87%2Fclean.circusmu_LOW.webm?v=1616189253161", "jmcs://jd-contents/CircusMU/CircusMU_HIGH.webm": "https://cdn.glitch.me/a26ba0ac-032e-4eda-a9f6-6db88289ff87%2Fclean.circusmu_ULTRA.webm?v=1616189288078", "jmcs://jd-contents/CircusMU/CircusMU.ogg": "https://cdn.glitch.me/da420b31-7737-45a1-b1e4-809473a2fcd0%2FCircusALT.ogg?v=1612802974672"}}