{"__class": "ContentAuthorizationEntry", "duration": 300, "changelist": 466919, "urls": {"jmcs://jd-contents/CircusALT/CircusALT_ULTRA.webm": "https://cdn.glitch.me/da420b31-7737-45a1-b1e4-809473a2fcd0%2FCircusALT_ULTRA.webm?v=1612803331630", "jmcs://jd-contents/CircusALT/CircusALT_MID.webm": "https://cdn.glitch.me/da420b31-7737-45a1-b1e4-809473a2fcd0%2FCircusALT_MID.webm?v=1612803061831", "jmcs://jd-contents/CircusALT/CircusALT_LOW.webm": "https://cdn.glitch.me/da420b31-7737-45a1-b1e4-809473a2fcd0%2FCircusALT_LOW.webm?v=1612803001805", "jmcs://jd-contents/CircusALT/CircusALT_HIGH.webm": "https://cdn.glitch.me/da420b31-7737-45a1-b1e4-809473a2fcd0%2FCircusALT_HIGH.webm?v=1612803145656", "jmcs://jd-contents/CircusALT/CircusALT.ogg": "https://cdn.glitch.me/da420b31-7737-45a1-b1e4-809473a2fcd0%2FCircusALT.ogg?v=1612802974672"}}