{"__class": "ContentAuthorizationEntry", "duration": 300, "changelist": 466919, "urls": {"jmcs://jd-contents/Circus/Circus_ULTRA.webm": "https://cdn.glitch.me/da420b31-7737-45a1-b1e4-809473a2fcd0%2FCircus_ULTRA.webm?v=1612807592932", "jmcs://jd-contents/Circus/Circus_MID.webm": "https://cdn.glitch.me/da420b31-7737-45a1-b1e4-809473a2fcd0%2FCircus_MID.webm?v=1612807109616", "jmcs://jd-contents/Circus/Circus_LOW.webm": "https://cdn.glitch.me/da420b31-7737-45a1-b1e4-809473a2fcd0%2FCircus_LOW.webm?v=1612806576182", "jmcs://jd-contents/Circus/Circus_HIGH.webm": "https://cdn.glitch.me/da420b31-7737-45a1-b1e4-809473a2fcd0%2FCircus_HIGH.webm?v=1612807127595", "jmcs://jd-contents/Circus/Circus.ogg": "https://cdn.glitch.me/da420b31-7737-45a1-b1e4-809473a2fcd0%2FCircus.ogg?v=1612806682290"}}