{"__class": "ContentAuthorizationEntry", "duration": 300000, "changelist": 300, "urls": {"jmcs://jd-contents/Cmon/Cmon_ULTRA.webm": "https://cdn.glitch.me/c6807563-9703-4452-bd7b-b06e822ec772%2FCmon_ULTRA.webm?v=1617292597379", "jmcs://jd-contents/Cmon/Cmon_HIGH.webm": "https://cdn.glitch.me/c6807563-9703-4452-bd7b-b06e822ec772%2FCmon_HIGH.webm?v=1617292221330", "jmcs://jd-contents/Cmon/Cmon_MID.webm": "https://cdn.glitch.me/c6807563-9703-4452-bd7b-b06e822ec772%2FCmon_MID.webm?v=1617291675263", "jmcs://jd-contents/Cmon/Cmon_LOW.webm": "https://cdn.glitch.me/c6807563-9703-4452-bd7b-b06e822ec772%2FCmon_LOW.webm?v=1617290784351", "jmcs://jd-contents/Cmon/Cmon.ogg": "https://cdn.glitch.me/c6807563-9703-4452-bd7b-b06e822ec772%2FCmon.ogg?v=1617290728489"}}