{"__class": "ContentAuthorizationEntry", "duration": 300, "changelist": 564656, "urls": {"jmcs://jd-contents/ComeBackHome/ComeBackHome_ULTRA.webm": "https://cdn.glitch.me/c6807563-9703-4452-bd7b-b06e822ec772%2FComeBackHome_ULTRA.webm", "jmcs://jd-contents/ComeBackHome/ComeBackHome_MID.webm": "https://cdn.glitch.me/c6807563-9703-4452-bd7b-b06e822ec772%2FComeBackHome_MID.webm", "jmcs://jd-contents/ComeBackHome/ComeBackHome_LOW.webm": "https://cdn.glitch.me/c6807563-9703-4452-bd7b-b06e822ec772%2FComeBackHome_LOW.webm", "jmcs://jd-contents/ComeBackHome/ComeBackHome_HIGH.webm": "https://cdn.glitch.me/c6807563-9703-4452-bd7b-b06e822ec772%2FComeBackHome_HIGH.webm", "jmcs://jd-contents/ComeBackHome/ComeBackHome.ogg": "https://cdn.glitch.me/c6807563-9703-4452-bd7b-b06e822ec772%2FComeBackHome.ogg"}}