{"__class": "ContentAuthorizationEntry", "duration": 300000, "changelist": 300, "urls": {"jmcs://jd-contents/Coolos/Coolos_ULTRA.webm": "https://cdn.glitch.me/c6807563-9703-4452-bd7b-b06e822ec772%2FCoolos_ULTRA.webm?v=1617293033328", "jmcs://jd-contents/Coolos/Coolos_HIGH.webm": "https://cdn.glitch.me/c6807563-9703-4452-bd7b-b06e822ec772%2FCoolos_HIGH.webm?v=1617292236912", "jmcs://jd-contents/Coolos/Coolos_MID.webm": "https://cdn.glitch.me/c6807563-9703-4452-bd7b-b06e822ec772%2FCoolos_MID.webm?v=1617291637901", "jmcs://jd-contents/Coolos/Coolos_LOW.webm": "https://cdn.glitch.me/c6807563-9703-4452-bd7b-b06e822ec772%2FCoolos_LOW.webm?v=1617290825406", "jmcs://jd-contents/Coolos/Coolos.ogg": "https://cdn.glitch.me/c6807563-9703-4452-bd7b-b06e822ec772%2FCoolos.ogg?v=1617290709686"}}