{"__class": "ContentAuthorizationEntry", "duration": 300000, "changelist": 300, "urls": {"jmcs://jd-contents/CosmicGirl/CosmicGirl_ULTRA.webm": "https://cdn.glitch.me/c6807563-9703-4452-bd7b-b06e822ec772%2FCosmicGirl_ULTRA.webm?v=1617293015382", "jmcs://jd-contents/CosmicGirl/CosmicGirl_HIGH.webm": "https://cdn.glitch.me/c6807563-9703-4452-bd7b-b06e822ec772%2FCosmicGirl_HIGH.webm?v=1617292205413", "jmcs://jd-contents/CosmicGirl/CosmicGirl_MID.webm": "https://cdn.glitch.me/c6807563-9703-4452-bd7b-b06e822ec772%2FCosmicGirl_MID.webm?v=1617291620003", "jmcs://jd-contents/CosmicGirl/CosmicGirl_LOW.webm": "https://cdn.glitch.me/c6807563-9703-4452-bd7b-b06e822ec772%2FCosmicGirl_LOW.webm?v=1617290820208", "jmcs://jd-contents/CosmicGirl/CosmicGirl.ogg": "https://cdn.glitch.me/c6807563-9703-4452-bd7b-b06e822ec772%2FCosmicGirl.ogg?v=1617290712151"}}