{"__class": "ContentAuthorizationEntry", "duration": 300, "changelist": 280634, "urls": {"jmcs://jd-contents/Cottonmouth/Cottonmouth_ULTRA.webm": "https://cdn.glitch.me/922d07fc-235c-4006-a1d2-cdae305c9fb6%2FCottonmouth_ULTRA.webm?v=1608555252303", "jmcs://jd-contents/Cottonmouth/Cottonmouth_MID.webm": "https://cdn.glitch.me/922d07fc-235c-4006-a1d2-cdae305c9fb6%2FCottonmouth_MID.webm?v=1608555065282", "jmcs://jd-contents/Cottonmouth/Cottonmouth_LOW.webm": "https://cdn.glitch.me/922d07fc-235c-4006-a1d2-cdae305c9fb6%2FCottonmouth_LOW.webm?v=1608555019329", "jmcs://jd-contents/Cottonmouth/Cottonmouth_HIGH.webm": "https://cdn.glitch.me/922d07fc-235c-4006-a1d2-cdae305c9fb6%2FCottonmouth_HIGH.webm?v=1608555136344", "jmcs://jd-contents/Cottonmouth/Cottonmouth.ogg": "https://cdn.glitch.me/922d07fc-235c-4006-a1d2-cdae305c9fb6%2FCottonmouth.ogg?v=1608555026220"}}