{"__class": "ContentAuthorizationEntry", "duration": 300, "changelist": 540229, "urls": {"jmcs://jd-contents/Crayon/Crayon_ULTRA.webm": "https://cdn.glitch.me/1e470643-7e14-406d-9c5e-20609896fa11%2FCrayon_ULTRA.webm?v=1609122234665", "jmcs://jd-contents/Crayon/Crayon_MID.webm": "https://cdn.glitch.me/1e470643-7e14-406d-9c5e-20609896fa11%2FCrayon_MID.webm?v=1609121970264", "jmcs://jd-contents/Crayon/Crayon_LOW.webm": "https://cdn.glitch.me/1e470643-7e14-406d-9c5e-20609896fa11%2FCrayon_LOW.webm?v=1609121715521", "jmcs://jd-contents/Crayon/Crayon_HIGH.webm": "https://cdn.glitch.me/1e470643-7e14-406d-9c5e-20609896fa11%2FCrayon_HIGH.webm?v=1609121718293", "jmcs://jd-contents/Crayon/Crayon.ogg": "https://cdn.glitch.me/1e470643-7e14-406d-9c5e-20609896fa11%2FCrayon_audio.ogg?v=1609122757254"}}