{"__class": "ContentAuthorizationEntry", "duration": 300000, "changelist": 300, "urls": {"jmcs://jd-contents/Criminal/Criminal_ULTRA.webm": "https://cdn.glitch.me/c6807563-9703-4452-bd7b-b06e822ec772%2FCriminal_ULTRA.webm?v=1617326253595", "jmcs://jd-contents/Criminal/Criminal_HIGH.webm": "https://cdn.glitch.me/c6807563-9703-4452-bd7b-b06e822ec772%2FCriminal_HIGH.webm?v=1617325180893", "jmcs://jd-contents/Criminal/Criminal_MID.webm": "https://cdn.glitch.me/c6807563-9703-4452-bd7b-b06e822ec772%2FCriminal_MID.webm?v=1617324869431", "jmcs://jd-contents/Criminal/Criminal_LOW.webm": "https://cdn.glitch.me/c6807563-9703-4452-bd7b-b06e822ec772%2FCriminal_LOW.webm?v=1617324636730", "jmcs://jd-contents/Criminal/Criminal.ogg": "https://cdn.glitch.me/c6807563-9703-4452-bd7b-b06e822ec772%2FCriminal.ogg?v=1617324253371"}}