{"__class": "ContentAuthorizationEntry", "duration": 300000, "changelist": 300, "urls": {"jmcs://jd-contents/CryingBlood/CryingBlood_ULTRA.webm": "https://cdn.glitch.me/c6807563-9703-4452-bd7b-b06e822ec772%2FCryingBlood_ULTRA.webm?v=1617292547719", "jmcs://jd-contents/CryingBlood/CryingBlood_HIGH.webm": "https://cdn.glitch.me/c6807563-9703-4452-bd7b-b06e822ec772%2FCryingBlood_HIGH.webm?v=1617291870346", "jmcs://jd-contents/CryingBlood/CryingBlood_MID.webm": "https://cdn.glitch.me/c6807563-9703-4452-bd7b-b06e822ec772%2FCryingBlood_MID.webm?v=1617291555427", "jmcs://jd-contents/CryingBlood/CryingBlood_LOW.webm": "https://cdn.glitch.me/c6807563-9703-4452-bd7b-b06e822ec772%2FCryingBlood_LOW.webm?v=1617290796351", "jmcs://jd-contents/CryingBlood/CryingBlood.ogg": "https://cdn.glitch.me/c6807563-9703-4452-bd7b-b06e822ec772%2FCryingBlood.ogg?v=1617290717187"}}