{"__class": "ContentAuthorizationEntry", "duration": 300, "changelist": 280634, "urls": {"jmcs://jd-contents/Daddy/Daddy_ULTRA.webm": "https://cdn.glitch.me/253949fc-b561-4250-aa5b-b32da09824d2%2FDaddy_ULTRA.webm?v=1615508191305", "jmcs://jd-contents/Daddy/Daddy_MID.webm": "https://cdn.glitch.me/253949fc-b561-4250-aa5b-b32da09824d2%2FDaddy_MID.webm?v=1615507974307", "jmcs://jd-contents/Daddy/Daddy_LOW.webm": "https://cdn.glitch.me/253949fc-b561-4250-aa5b-b32da09824d2%2FDaddy_LOW.webm?v=1615507872352", "jmcs://jd-contents/Daddy/Daddy_HIGH.webm": "https://cdn.glitch.me/253949fc-b561-4250-aa5b-b32da09824d2%2FDaddy_HIGH.webm?v=1615508067911", "jmcs://jd-contents/Daddy/Daddy.ogg": "https://cdn.glitch.me/253949fc-b561-4250-aa5b-b32da09824d2%2FDaddy.ogg?v=1615507824038"}}