{"__class": "ContentAuthorizationEntry", "duration": 300, "changelist": 280634, "urls": {"jmcs://jd-contents/DaddyALT/DaddyALT_ULTRA.webm": "https://cdn.glitch.me/253949fc-b561-4250-aa5b-b32da09824d2%2FDaddyALT_ULTRA.webm?v=1615508173734", "jmcs://jd-contents/DaddyALT/DaddyALT_MID.webm": "https://cdn.glitch.me/253949fc-b561-4250-aa5b-b32da09824d2%2FDaddyALT_MID.webm?v=1615507962637", "jmcs://jd-contents/DaddyALT/DaddyALT_LOW.webm": "https://cdn.glitch.me/253949fc-b561-4250-aa5b-b32da09824d2%2FDaddyALT_LOW.webm?v=1615507844040", "jmcs://jd-contents/DaddyALT/DaddyALT_HIGH.webm": "https://cdn.glitch.me/253949fc-b561-4250-aa5b-b32da09824d2%2FDaddyALT_HIGH.webm?v=1615508045349", "jmcs://jd-contents/DaddyALT/DaddyALT.ogg": "https://cdn.glitch.me/253949fc-b561-4250-aa5b-b32da09824d2%2FDaddyALT.ogg?v=1615507818758"}}