{"__class": "ContentAuthorizationEntry", "duration": 300, "changelist": 564656, "urls": {"jmcs://jd-contents/Dare/Dare_ULTRA.webm": "https://cdn.glitch.me/c6807563-9703-4452-bd7b-b06e822ec772/dare_ULTRA.webm", "jmcs://jd-contents/Dare/Dare_MID.webm": "https://cdn.glitch.me/c6807563-9703-4452-bd7b-b06e822ec772/dare_MID.webm", "jmcs://jd-contents/Dare/Dare_LOW.webm": "https://cdn.glitch.me/c6807563-9703-4452-bd7b-b06e822ec772/dare_LOW.webm", "jmcs://jd-contents/Dare/Dare_HIGH.webm": "https://cdn.glitch.me/c6807563-9703-4452-bd7b-b06e822ec772/dare_ULTRA.webm", "jmcs://jd-contents/Dare/Dare.ogg": "https://cdn.glitch.me/c6807563-9703-4452-bd7b-b06e822ec772/dare.ogg"}}