{"__class": "ContentAuthorizationEntry", "duration": 300, "changelist": 280634, "urls": {"jmcs://jd-contents/DarkHorse/DarkHorse_ULTRA.webm": "https://cdn.glitch.me/c6807563-9703-4452-bd7b-b06e822ec772/DarkHorse_ULTRA.webm", "jmcs://jd-contents/DarkHorse/DarkHorse_MID.webm": "https://cdn.glitch.me/c6807563-9703-4452-bd7b-b06e822ec772/DarkHorse_MID.webm", "jmcs://jd-contents/DarkHorse/DarkHorse_LOW.webm": "https://cdn.glitch.me/c6807563-9703-4452-bd7b-b06e822ec772/DarkHorse_LOW.webm", "jmcs://jd-contents/DarkHorse/DarkHorse_HIGH.webm": "https://cdn.glitch.me/c6807563-9703-4452-bd7b-b06e822ec772/DarkHorse_HIGH.webm", "jmcs://jd-contents/DarkHorse/DarkHorse.ogg": "https://cdn.glitch.me/c6807563-9703-4452-bd7b-b06e822ec772%2FDarkHorse.ogg?v=1619897925407"}}