{"__class": "ContentAuthorizationEntry", "duration": 300, "changelist": 564656, "urls": {"jmcs://jd-contents/Despacito/Despacito_ULTRA.webm": "https://cdn.glitch.me/c6807563-9703-4452-bd7b-b06e822ec772/Despacito_ULTRA.webm", "jmcs://jd-contents/Despacito/Despacito_MID.webm": "https://cdn.glitch.me/c6807563-9703-4452-bd7b-b06e822ec772/Despacito_MID.webm", "jmcs://jd-contents/Despacito/Despacito_LOW.webm": "https://cdn.glitch.me/c6807563-9703-4452-bd7b-b06e822ec772/Despacito_LOW.webm", "jmcs://jd-contents/Despacito/Despacito_HIGH.webm": "https://cdn.glitch.me/c6807563-9703-4452-bd7b-b06e822ec772/Despacito_HIGH.webm", "jmcs://jd-contents/Despacito/Despacito.ogg": "https://cdn.glitch.me/c6807563-9703-4452-bd7b-b06e822ec772/Despacito.ogg"}}