{"__class": "ContentAuthorizationEntry", "duration": 300, "changelist": 564656, "urls": {"jmcs://jd-contents/DespacitoALT/DespacitoALT_ULTRA.webm": "https://cdn.glitch.me/c6807563-9703-4452-bd7b-b06e822ec772/DespacitoALT_ULTRA.webm", "jmcs://jd-contents/DespacitoALT/DespacitoALT_MID.webm": "https://cdn.glitch.me/c6807563-9703-4452-bd7b-b06e822ec772/DespacitoALT_MID.webm", "jmcs://jd-contents/DespacitoALT/DespacitoALT_LOW.webm": "https://cdn.glitch.me/c6807563-9703-4452-bd7b-b06e822ec772/DespacitoALT_LOW.webm", "jmcs://jd-contents/DespacitoALT/DespacitoALT_HIGH.webm": "https://cdn.glitch.me/c6807563-9703-4452-bd7b-b06e822ec772/DespacitoALT_HIGH.webm", "jmcs://jd-contents/DespacitoALT/DespacitoALT.ogg": "https://cdn.glitch.me/c6807563-9703-4452-bd7b-b06e822ec772/DespacitoALT.ogg"}}