{"__class": "ContentAuthorizationEntry", "duration": 300, "changelist": 564656, "urls": {"jmcs://jd-contents/Dharma/Dharma_ULTRA.webm": "https://cdn.glitch.me/c6807563-9703-4452-bd7b-b06e822ec772/Dharma_ULTRA.webm", "jmcs://jd-contents/Dharma/Dharma_MID.webm": "https://cdn.glitch.me/c6807563-9703-4452-bd7b-b06e822ec772/Dharma_MID.webm", "jmcs://jd-contents/Dharma/Dharma_LOW.webm": "https://cdn.glitch.me/c6807563-9703-4452-bd7b-b06e822ec772/Dharma_LOW.webm", "jmcs://jd-contents/Dharma/Dharma_HIGH.webm": "https://cdn.glitch.me/c6807563-9703-4452-bd7b-b06e822ec772/Dharma_HIGH.webm", "jmcs://jd-contents/Dharma/Dharma.ogg": "https://cdn.glitch.me/c6807563-9703-4452-bd7b-b06e822ec772/Dharma.ogg"}}