{"__class": "ContentAuthorizationEntry", "duration": 300, "changelist": 564656, "urls": {"jmcs://jd-contents/DharmaALT/DharmaALT_ULTRA.webm": "https://cdn.glitch.me/c6807563-9703-4452-bd7b-b06e822ec772/DharmaALT_ULTRA.webm", "jmcs://jd-contents/DharmaALT/DharmaALT_MID.webm": "https://cdn.glitch.me/c6807563-9703-4452-bd7b-b06e822ec772/DharmaALT_MID.webm", "jmcs://jd-contents/DharmaALT/DharmaALT_LOW.webm": "https://cdn.glitch.me/c6807563-9703-4452-bd7b-b06e822ec772/DharmaALT_LOW.webm", "jmcs://jd-contents/DharmaALT/DharmaALT_HIGH.webm": "https://cdn.glitch.me/c6807563-9703-4452-bd7b-b06e822ec772/DharmaALT_HIGH.webm", "jmcs://jd-contents/DharmaALT/DharmaALT.ogg": "https://cdn.glitch.me/c6807563-9703-4452-bd7b-b06e822ec772/DharmaALT.ogg"}}