{"__class": "ContentAuthorizationEntry", "duration": 300, "changelist": 564656, "urls": {"jmcs://jd-contents/Diggy/Diggy_ULTRA.webm": "https://cdn.glitch.me/c6807563-9703-4452-bd7b-b06e822ec772/Diggy_ULTRA.webm", "jmcs://jd-contents/Diggy/Diggy_MID.webm": "https://cdn.glitch.me/c6807563-9703-4452-bd7b-b06e822ec772/Diggy_MID.webm", "jmcs://jd-contents/Diggy/Diggy_LOW.webm": "https://cdn.glitch.me/c6807563-9703-4452-bd7b-b06e822ec772/Diggy_LOW.webm", "jmcs://jd-contents/Diggy/Diggy_HIGH.webm": "https://cdn.glitch.me/c6807563-9703-4452-bd7b-b06e822ec772/Diggy_HIGH.webm", "jmcs://jd-contents/Diggy/Diggy.ogg": "https://cdn.glitch.me/c6807563-9703-4452-bd7b-b06e822ec772/Diggy.ogg"}}