{"__class": "ContentAuthorizationEntry", "duration": 300, "changelist": 466919, "urls": {"jmcs://jd-contents/Disturbia/Disturbia_ULTRA.webm": "https://cdn.glitch.me/b7d7bb4d-002b-4b7f-afe2-06ce6ea0758e%2Fdisturbia_ULTRA.webm?v=1617930201838", "jmcs://jd-contents/Disturbia/Disturbia_MID.webm": "https://cdn.glitch.me/b7d7bb4d-002b-4b7f-afe2-06ce6ea0758e%2Fdisturbia_MID.webm?v=1617930002266", "jmcs://jd-contents/Disturbia/Disturbia_LOW.webm": "https://cdn.glitch.me/b7d7bb4d-002b-4b7f-afe2-06ce6ea0758e%2Fdisturbia_LOW.webm?v=1617929878729", "jmcs://jd-contents/Disturbia/Disturbia_HIGH.webm": "https://cdn.glitch.me/b7d7bb4d-002b-4b7f-afe2-06ce6ea0758e%2Fdisturbia_ULTRA.webm?v=1617930201838", "jmcs://jd-contents/Disturbia/Disturbia.ogg": "https://cdn.glitch.me/b7d7bb4d-002b-4b7f-afe2-06ce6ea0758e%2Fdisturbia_audio.ogg?v=1617929447814"}}