{"__class": "ContentAuthorizationEntry", "duration": 300, "changelist": 540229, "urls": {"jmcs://jd-contents/DoCarnaval/DoCarnaval_ULTRA.webm": "https://cdn.glitch.me/253949fc-b561-4250-aa5b-b32da09824d2%2FDoCarnaval_ULTRA.webm?v=1615647893344", "jmcs://jd-contents/DoCarnaval/DoCarnaval_MID.webm": "https://cdn.glitch.me/253949fc-b561-4250-aa5b-b32da09824d2%2FDoCarnaval_MID.webm?v=1615647863926", "jmcs://jd-contents/DoCarnaval/DoCarnaval_LOW.webm": "https://cdn.glitch.me/253949fc-b561-4250-aa5b-b32da09824d2%2FDoCarnaval_LOW.webm?v=1615647867778", "jmcs://jd-contents/DoCarnaval/DoCarnaval_HIGH.webm": "https://cdn.glitch.me/253949fc-b561-4250-aa5b-b32da09824d2%2FDoCarnaval_HIGH.webm?v=1615647946349", "jmcs://jd-contents/DoCarnaval/DoCarnaval.ogg": "https://cdn.glitch.me/253949fc-b561-4250-aa5b-b32da09824d2%2FDoCarnaval.ogg?v=1615647863375"}}