{"__class": "ContentAuthorizationEntry", "duration": 300, "changelist": 280634, "urls": {"jmcs://jd-contents/DogsOut/DogsOut_ULTRA.webm": "https://cdn.glitch.me/26b2e809-f8db-4bc6-8ead-d4c3efa970f2/DogsOut_ULTRA.webm", "jmcs://jd-contents/DogsOut/DogsOut_MID.webm": "https://cdn.glitch.me/26b2e809-f8db-4bc6-8ead-d4c3efa970f2/DogsOut_MID.webm", "jmcs://jd-contents/DogsOut/DogsOut_LOW.webm": "https://cdn.glitch.me/26b2e809-f8db-4bc6-8ead-d4c3efa970f2/DogsOut_LOW.webm", "jmcs://jd-contents/DogsOut/DogsOut_HIGH.webm": "https://cdn.glitch.me/26b2e809-f8db-4bc6-8ead-d4c3efa970f2/DogsOut_HIGH.webm", "jmcs://jd-contents/DogsOut/DogsOut.ogg": "https://cdn.glitch.me/26b2e809-f8db-4bc6-8ead-d4c3efa970f2/DogsOut.ogg"}}