{"__class": "ContentAuthorizationEntry", "duration": 300, "changelist": 466919, "urls": {"jmcs://jd-contents/Domino/Domino_ULTRA.webm": "https://cdn.glitch.me/da420b31-7737-45a1-b1e4-809473a2fcd0%2FDomino_ULTRA.webm?v=1612305402466", "jmcs://jd-contents/Domino/Domino_MID.webm": "https://cdn.glitch.me/da420b31-7737-45a1-b1e4-809473a2fcd0%2FDomino_MID.webm?v=1612305129567", "jmcs://jd-contents/Domino/Domino_LOW.webm": "https://cdn.glitch.me/da420b31-7737-45a1-b1e4-809473a2fcd0%2FDomino_LOW.webm?v=1612305028227", "jmcs://jd-contents/Domino/Domino_HIGH.webm": "https://cdn.glitch.me/da420b31-7737-45a1-b1e4-809473a2fcd0%2FDomino_HIGH.webm?v=1612305253215", "jmcs://jd-contents/Domino/Domino.ogg": "https://cdn.glitch.me/da420b31-7737-45a1-b1e4-809473a2fcd0%2FDomino.ogg?v=1612304964475"}}