{"__class": "ContentAuthorizationEntry", "duration": 300, "changelist": 466919, "urls": {"jmcs://jd-contents/DoneForMe/DoneForMe_ULTRA.webm": "https://cdn.glitch.me/da420b31-7737-45a1-b1e4-809473a2fcd0%2FDoneForMe_ULTRA.webm?v=1613230857280", "jmcs://jd-contents/DoneForMe/DoneForMe_MID.webm": "https://cdn.glitch.me/da420b31-7737-45a1-b1e4-809473a2fcd0%2FDoneForMe_MID.webm?v=1613230720291", "jmcs://jd-contents/DoneForMe/DoneForMe_LOW.webm": "https://cdn.glitch.me/da420b31-7737-45a1-b1e4-809473a2fcd0%2FDoneForMe_LOW.webm?v=1613230693976", "jmcs://jd-contents/DoneForMe/DoneForMe_HIGH.webm": "https://cdn.glitch.me/da420b31-7737-45a1-b1e4-809473a2fcd0%2FDoneForMe_HIGH.webm?v=1613230787360", "jmcs://jd-contents/DoneForMe/DoneForMe.ogg": "https://cdn.glitch.me/da420b31-7737-45a1-b1e4-809473a2fcd0%2FDoneForMe.ogg?v=1613230643005"}}