{"__class": "ContentAuthorizationEntry", "duration": 300, "changelist": 564656, "urls": {"jmcs://jd-contents/DontWorry/DontWorry_ULTRA.webm": "https://cdn.glitch.me/c6807563-9703-4452-bd7b-b06e822ec772/DontWorry_ULTRA.webm", "jmcs://jd-contents/DontWorry/DontWorry_MID.webm": "https://cdn.glitch.me/c6807563-9703-4452-bd7b-b06e822ec772/DontWorry_MID.webm", "jmcs://jd-contents/DontWorry/DontWorry_LOW.webm": "https://cdn.glitch.me/c6807563-9703-4452-bd7b-b06e822ec772/DontWorry_LOW.webm", "jmcs://jd-contents/DontWorry/DontWorry_HIGH.webm": "https://cdn.glitch.me/c6807563-9703-4452-bd7b-b06e822ec772/DontWorry_HIGH.webm", "jmcs://jd-contents/DontWorry/DontWorry.ogg": "https://cdn.glitch.me/c6807563-9703-4452-bd7b-b06e822ec772/DontWorry.ogg"}}