{"__class": "ContentAuthorizationEntry", "duration": 300, "changelist": 564656, "urls": {"jmcs://jd-contents/DontStopMe/DontStopMe_ULTRA.webm": "https://cdn.glitch.me/c6807563-9703-4452-bd7b-b06e822ec772/DontStopMe_ULTRA.webm", "jmcs://jd-contents/DontStopMe/DontStopMe_MID.webm": "https://cdn.glitch.me/c6807563-9703-4452-bd7b-b06e822ec772/DontStopMe_MID.webm", "jmcs://jd-contents/DontStopMe/DontStopMe_LOW.webm": "https://cdn.glitch.me/c6807563-9703-4452-bd7b-b06e822ec772/DontStopMe_LOW.webm", "jmcs://jd-contents/DontStopMe/DontStopMe_HIGH.webm": "https://cdn.glitch.me/c6807563-9703-4452-bd7b-b06e822ec772/DontStopMe_HIGH.webm", "jmcs://jd-contents/DontStopMe/DontStopMe.ogg": "https://cdn.glitch.me/c6807563-9703-4452-bd7b-b06e822ec772/DontStopMe.ogg"}}