{"__class": "ContentAuthorizationEntry", "duration": 300, "changelist": 280634, "urls": {"jmcs://jd-contents/DontWorryMadcon/DontWorryMadcon_ULTRA.webm": "https://cdn.glitch.me/a34690a7-28a9-41f2-b75c-eb3501ba1fdd%2FDontWorryMadcon_high.webm?v=1609951052377", "jmcs://jd-contents/DontWorryMadcon/DontWorryMadcon_ULTRA.hd.webm": "https://cdn.glitch.me/a34690a7-28a9-41f2-b75c-eb3501ba1fdd%2FDontWorryMadcon_high.webm?v=1609951052377", "jmcs://jd-contents/DontWorryMadcon/DontWorryMadcon_MID.webm": "https://cdn.glitch.me/a34690a7-28a9-41f2-b75c-eb3501ba1fdd%2FDontWorryMadcon_mid.webm?v=1609951013447", "jmcs://jd-contents/DontWorryMadcon/DontWorryMadcon_MID.hd.webm": "https://cdn.glitch.me/a34690a7-28a9-41f2-b75c-eb3501ba1fdd%2FDontWorryMadcon_mid.webm?v=1609951013447", "jmcs://jd-contents/DontWorryMadcon/DontWorryMadcon_LOW.webm": "https://cdn.glitch.me/a34690a7-28a9-41f2-b75c-eb3501ba1fdd%2FDontWorryMadcon_low.webm?v=1609950980507", "jmcs://jd-contents/DontWorryMadcon/DontWorryMadcon_LOW.hd.webm": "https://cdn.glitch.me/a34690a7-28a9-41f2-b75c-eb3501ba1fdd%2FDontWorryMadcon_low.webm?v=1609950980507", "jmcs://jd-contents/DontWorryMadcon/DontWorryMadcon_HIGH.webm": "https://cdn.glitch.me/a34690a7-28a9-41f2-b75c-eb3501ba1fdd%2FDontWorryMadcon_high.webm?v=1609951052377", "jmcs://jd-contents/DontWorryMadcon/DontWorryMadcon_HIGH.hd.webm": "https://cdn.glitch.me/a34690a7-28a9-41f2-b75c-eb3501ba1fdd%2FDontWorryMadcon_high.webm?v=1609951052377", "jmcs://jd-contents/DontWorryMadcon/DontWorryMadcon.ogg": "https://cdn.glitch.me/a34690a7-28a9-41f2-b75c-eb3501ba1fdd%2FDontWorryMadcon.ogg?v=1609950960486"}}