{"__class": "ContentAuthorizationEntry", "duration": 300000, "changelist": 300, "urls": {"jmcs://jd-contents/DontKnowMe/DontKnowMe_ULTRA.webm": "https://cdn.glitch.me/253949fc-b561-4250-aa5b-b32da09824d2%2FDontKnowMe_ULTRA.webm?v=1615573524376", "jmcs://jd-contents/DontKnowMe/DontKnowMe_MID.webm": "https://cdn.glitch.me/253949fc-b561-4250-aa5b-b32da09824d2%2FDontKnowMe_MID.webm?v=1615573565126", "jmcs://jd-contents/DontKnowMe/DontKnowMe_LOW.webm": "https://cdn.glitch.me/253949fc-b561-4250-aa5b-b32da09824d2%2FDontKnowMe_LOW.webm?v=1615573551157", "jmcs://jd-contents/DontKnowMe/DontKnowMe_HIGH.webm": "https://cdn.glitch.me/253949fc-b561-4250-aa5b-b32da09824d2%2FDontKnowMe_HIGH.webm?v=1615573607176", "jmcs://jd-contents/DontKnowMe/DontKnowMe.ogg": "https://cdn.glitch.me/253949fc-b561-4250-aa5b-b32da09824d2%2FDontKnowMe_audio.ogg?v=1615573215903"}}