{"__class": "ContentAuthorizationEntry", "duration": 300, "changelist": 535312, "urls": {"jmcs://jd-contents/DontGoYet/DontGoYet_ULTRA.webm": "https://cdn.glitch.me/5f723157-3676-4102-a72b-6acbaa1c7923%2FDontGoYet_ULTRA.webm", "jmcs://jd-contents/DontGoYet/DontGoYet_MID.webm": "https://cdn.glitch.me/5f723157-3676-4102-a72b-6acbaa1c7923%2FDontGoYet_MID.webm", "jmcs://jd-contents/DontGoYet/DontGoYet_LOW.webm": "https://cdn.glitch.me/5f723157-3676-4102-a72b-6acbaa1c7923%2FDontGoYet_LOW.webm", "jmcs://jd-contents/DontGoYet/DontGoYet_HIGH.webm": "https://cdn.glitch.me/5f723157-3676-4102-a72b-6acbaa1c7923%2FDontGoYet_HIGH.webm", "jmcs://jd-contents/DontGoYet/DontGoYet.ogg": "https://cdn.glitch.me/5f723157-3676-4102-a72b-6acbaa1c7923%2FDontGoYet.ogg"}}