{"__class": "ContentAuthorizationEntry", "duration": 300, "changelist": 564656, "urls": {"jmcs://jd-contents/DontStopMeALT/DontStopMeALT_ULTRA.webm": "https://cdn.glitch.me/c6807563-9703-4452-bd7b-b06e822ec772/DontStopMeALT_ULTRA.webm", "jmcs://jd-contents/DontStopMeALT/DontStopMeALT_MID.webm": "https://cdn.glitch.me/c6807563-9703-4452-bd7b-b06e822ec772/DontStopMeALT_MID.webm", "jmcs://jd-contents/DontStopMeALT/DontStopMeALT_LOW.webm": "https://cdn.glitch.me/c6807563-9703-4452-bd7b-b06e822ec772/DontStopMeALT_LOW.webm", "jmcs://jd-contents/DontStopMeALT/DontStopMeALT_HIGH.webm": "https://cdn.glitch.me/c6807563-9703-4452-bd7b-b06e822ec772/DontStopMeALT_HIGH.webm", "jmcs://jd-contents/DontStopMeALT/DontStopMeALT.ogg": "https://cdn.glitch.me/c6807563-9703-4452-bd7b-b06e822ec772/DontStopMeALT.ogg"}}