{"__class": "ContentAuthorizationEntry", "duration": 300, "changelist": 540229, "urls": {"jmcs://jd-contents/DontCall/DontCall_ULTRA.webm": "https://cdn.glitch.me/1e470643-7e14-406d-9c5e-20609896fa11%2FDontCall_ULTRA.webm?v=1609122337484", "jmcs://jd-contents/DontCall/DontCall_MID.webm": "https://cdn.glitch.me/1e470643-7e14-406d-9c5e-20609896fa11%2FDontCall_MID.webm?v=1609121943508", "jmcs://jd-contents/DontCall/DontCall_LOW.webm": "https://cdn.glitch.me/1e470643-7e14-406d-9c5e-20609896fa11%2FDontCall_LOW.webm?v=1609121735272", "jmcs://jd-contents/DontCall/DontCall_HIGH.webm": "https://cdn.glitch.me/1e470643-7e14-406d-9c5e-20609896fa11%2FDontCall_HIGH.webm?v=1609122337620", "jmcs://jd-contents/DontCall/DontCall.ogg": "https://cdn.glitch.me/1e470643-7e14-406d-9c5e-20609896fa11%2FDontCall_audio.ogg?v=1609122756606"}}