{"__class": "ContentAuthorizationEntry", "duration": 300, "changelist": 564656, "urls": {"jmcs://jd-contents/DragosteaDinTei/DragosteaDinTei_ULTRA.webm": "https://cdn.glitch.me/c6807563-9703-4452-bd7b-b06e822ec772/DragosteaDinTei_ULTRA.webm", "jmcs://jd-contents/DragosteaDinTei/DragosteaDinTei_MID.webm": "https://cdn.glitch.me/c6807563-9703-4452-bd7b-b06e822ec772/DragosteaDinTei_MID.webm", "jmcs://jd-contents/DragosteaDinTei/DragosteaDinTei_LOW.webm": "https://cdn.glitch.me/c6807563-9703-4452-bd7b-b06e822ec772/DragosteaDinTei_LOW.webm", "jmcs://jd-contents/DragosteaDinTei/DragosteaDinTei_HIGH.webm": "https://cdn.glitch.me/c6807563-9703-4452-bd7b-b06e822ec772/DragosteDinTei_HIGH.webm", "jmcs://jd-contents/DragosteaDinTei/DragosteaDinTei.ogg": "https://cdn.glitch.me/c6807563-9703-4452-bd7b-b06e822ec772/DragosteaDinTei.ogg"}}