{"__class": "ContentAuthorizationEntry", "duration": 300, "changelist": 564656, "urls": {"jmcs://jd-contents/ElectroMambo/ElectroMambo_ULTRA.webm": "https://cdn.glitch.me/c6807563-9703-4452-bd7b-b06e822ec772/ElectroMambo_ULTRA.webm", "jmcs://jd-contents/ElectroMambo/ElectroMambo_MID.webm": "https://cdn.glitch.me/c6807563-9703-4452-bd7b-b06e822ec772/ElectroMambo_MID.webm", "jmcs://jd-contents/ElectroMambo/ElectroMambo_LOW.webm": "https://cdn.glitch.me/c6807563-9703-4452-bd7b-b06e822ec772/ElectroMambo_LOW.webm", "jmcs://jd-contents/ElectroMambo/ElectroMambo_HIGH.webm": "https://cdn.glitch.me/c6807563-9703-4452-bd7b-b06e822ec772/ElectroMambo_HIGH.webm", "jmcs://jd-contents/ElectroMambo/ElectroMambo.ogg": "https://cdn.glitch.me/c6807563-9703-4452-bd7b-b06e822ec772/ElectroMambo.ogg"}}