{"__class": "ContentAuthorizationEntry", "duration": 300, "changelist": 564656, "urls": {"jmcs://jd-contents/ElectroTribalDLC/ElectroTribalDLC_ULTRA.webm": "https://cdn.glitch.me/c6807563-9703-4452-bd7b-b06e822ec772/ElectroTribalDLC_ULTRA.webm", "jmcs://jd-contents/ElectroTribalDLC/ElectroTribalDLC_MID.webm": "https://cdn.glitch.me/c6807563-9703-4452-bd7b-b06e822ec772/ElectroTribalDLC_MID.webm", "jmcs://jd-contents/ElectroTribalDLC/ElectroTribalDLC_LOW.webm": "https://cdn.glitch.me/c6807563-9703-4452-bd7b-b06e822ec772/ElectroTribalDLC_LOW.webm", "jmcs://jd-contents/ElectroTribalDLC/ElectroTribalDLC_HIGH.webm": "https://cdn.glitch.me/c6807563-9703-4452-bd7b-b06e822ec772/ElectroTribalDLC_HIGH.webm", "jmcs://jd-contents/ElectroTribalDLC/ElectroTribalDLC.ogg": "https://cdn.glitch.me/c6807563-9703-4452-bd7b-b06e822ec772/ElectroTribalDLC.ogg"}}