{"__class": "ContentAuthorizationEntry", "duration": 300, "changelist": 564656, "urls": {"jmcs://jd-contents/ElTikiALT/ElTikiALT_ULTRA.webm": "https://cdn.glitch.me/c6807563-9703-4452-bd7b-b06e822ec772/ElTikiALT_ULTRA.webm", "jmcs://jd-contents/ElTikiALT/ElTikiALT_MID.webm": "https://cdn.glitch.me/c6807563-9703-4452-bd7b-b06e822ec772/ElTikiALT_MID.webm", "jmcs://jd-contents/ElTikiALT/ElTikiALT_LOW.webm": "https://cdn.glitch.me/c6807563-9703-4452-bd7b-b06e822ec772/ElTikiALT_LOW.webm", "jmcs://jd-contents/ElTikiALT/ElTikiALT_HIGH.webm": "https://cdn.glitch.me/c6807563-9703-4452-bd7b-b06e822ec772/ElTikiALT_HIGH.webm", "jmcs://jd-contents/ElTikiALT/ElTikiALT.ogg": "https://cdn.glitch.me/c6807563-9703-4452-bd7b-b06e822ec772/ElTikiALT.ogg"}}