{"__class": "ContentAuthorizationEntry", "duration": 300, "changelist": 564656, "urls": {"jmcs://jd-contents/ElTiki/ElTiki_ULTRA.webm": "https://cdn.glitch.me/c6807563-9703-4452-bd7b-b06e822ec772/ElTiki_ULTRA.webm", "jmcs://jd-contents/ElTiki/ElTiki_MID.webm": "https://cdn.glitch.me/c6807563-9703-4452-bd7b-b06e822ec772/ElTiki_MID.webm", "jmcs://jd-contents/ElTiki/ElTiki_LOW.webm": "https://cdn.glitch.me/c6807563-9703-4452-bd7b-b06e822ec772/ElTiki_LOW.webm", "jmcs://jd-contents/ElTiki/ElTiki_HIGH.webm": "https://cdn.glitch.me/c6807563-9703-4452-bd7b-b06e822ec772/ElTiki_HIGH.webm", "jmcs://jd-contents/ElTiki/ElTiki.ogg": "https://cdn.glitch.me/c6807563-9703-4452-bd7b-b06e822ec772/ElTiki.ogg"}}