{"__class": "ContentAuthorizationEntry", "duration": 300, "changelist": 564656, "urls": {"jmcs://jd-contents/EQUIS/EQUIS_ULTRA.webm": "https://cdn.glitch.me/bf3d9089-bedb-472f-a91f-e67773830708%2FEQUIS_ULTRA.webm?v=1612678536003", "jmcs://jd-contents/EQUIS/EQUIS_MID.webm": "https://cdn.glitch.me/bf3d9089-bedb-472f-a91f-e67773830708%2FEQUIS_MID.webm?v=1612678438342", "jmcs://jd-contents/EQUIS/EQUIS_LOW.webm": "https://cdn.glitch.me/bf3d9089-bedb-472f-a91f-e67773830708%2FEQUIS_LOW.webm?v=1612678391744", "jmcs://jd-contents/EQUIS/EQUIS_HIGH.webm": "https://cdn.glitch.me/bf3d9089-bedb-472f-a91f-e67773830708%2FEQUIS_HIGH.webm?v=1612678490112", "jmcs://jd-contents/EQUIS/EQUIS.ogg": "https://cdn.glitch.me/bf3d9089-bedb-472f-a91f-e67773830708%2FEQUIS.ogg?v=1612678375607"}}