{"__class": "ContentAuthorizationEntry", "duration": 300, "changelist": 564656, "urls": {"jmcs://jd-contents/Error/Error_ULTRA.webm": "https://cdn.glitch.me/c6807563-9703-4452-bd7b-b06e822ec772/Error_ULTRA.webm", "jmcs://jd-contents/Error/Error_MID.webm": "https://cdn.glitch.me/c6807563-9703-4452-bd7b-b06e822ec772/Error_MID.webm", "jmcs://jd-contents/Error/Error_LOW.webm": "https://cdn.glitch.me/c6807563-9703-4452-bd7b-b06e822ec772/Error_LOW.webm", "jmcs://jd-contents/Error/Error_HIGH.webm": "https://cdn.glitch.me/c6807563-9703-4452-bd7b-b06e822ec772/Error_HIGH.webm", "jmcs://jd-contents/Error/Error.ogg": "https://cdn.glitch.me/c6807563-9703-4452-bd7b-b06e822ec772/Error.ogg"}}