{"__class": "ContentAuthorizationEntry", "duration": 300, "changelist": 466919, "urls": {"jmcs://jd-contents/ET/ET_ULTRA.webm": "https://cdn.glitch.me/da420b31-7737-45a1-b1e4-809473a2fcd0%2FET_ULTRA.webm?v=1617074000738", "jmcs://jd-contents/ET/ET_MID.webm": "https://cdn.glitch.me/da420b31-7737-45a1-b1e4-809473a2fcd0%2FET_MID.webm?v=1617073814799", "jmcs://jd-contents/ET/ET_LOW.webm": "https://cdn.glitch.me/da420b31-7737-45a1-b1e4-809473a2fcd0%2FET_LOW.webm?v=1617073795060", "jmcs://jd-contents/ET/ET_HIGH.webm": "https://cdn.glitch.me/da420b31-7737-45a1-b1e4-809473a2fcd0%2FET_HIGH.webm?v=1617073895733", "jmcs://jd-contents/ET/ET.ogg": "https://cdn.glitch.me/da420b31-7737-45a1-b1e4-809473a2fcd0%2FET.ogg?v=1617073783739"}}