{"__class": "ContentAuthorizationEntry", "duration": 300, "changelist": 564656, "urls": {"jmcs://jd-contents/Everybody/Everybody_ULTRA.webm": "https://cdn.glitch.me/253949fc-b561-4250-aa5b-b32da09824d2%2FEverybody_ULTRA.webm?v=1615645714112", "jmcs://jd-contents/Everybody/Everybody_MID.webm": "https://cdn.glitch.me/253949fc-b561-4250-aa5b-b32da09824d2%2FEverybody_MID.webm?v=1615645640395", "jmcs://jd-contents/Everybody/Everybody_LOW.webm": "https://cdn.glitch.me/253949fc-b561-4250-aa5b-b32da09824d2%2FEverybody_LOW.webm?v=1615645601514", "jmcs://jd-contents/Everybody/Everybody_HIGH.webm": "https://cdn.glitch.me/253949fc-b561-4250-aa5b-b32da09824d2%2FEverybody_HIGH.webm?v=1615645680315", "jmcs://jd-contents/Everybody/Everybody.ogg": "https://cdn.glitch.me/253949fc-b561-4250-aa5b-b32da09824d2%2FEverybody.ogg?v=1615645602748"}}