{"__class": "ContentAuthorizationEntry", "duration": 300, "changelist": 544216, "urls": {"jmcs://jd-contents/Fame/Fame_ULTRA.webm": "https://cdn.glitch.me/8244bf6c-2e1d-40d5-b771-996e9b40f7d7%2Ffame_high.webm?v=1609505364383", "jmcs://jd-contents/Fame/Fame_MID.webm": "https://cdn.glitch.me/8244bf6c-2e1d-40d5-b771-996e9b40f7d7%2Ffame_mid.webm?v=1609505202557", "jmcs://jd-contents/Fame/Fame_LOW.webm": "https://cdn.glitch.me/8244bf6c-2e1d-40d5-b771-996e9b40f7d7%2Ffame_low.webm?v=1609505078411", "jmcs://jd-contents/Fame/Fame_HIGH.webm": "https://cdn.glitch.me/8244bf6c-2e1d-40d5-b771-996e9b40f7d7%2Ffame_high.webm?v=1609505364383", "jmcs://jd-contents/Fame/Fame.ogg": "https://cdn.glitch.me/8244bf6c-2e1d-40d5-b771-996e9b40f7d7%2Ffame.ogg?v=1609505452372"}}