{"__class": "ContentAuthorizationEntry", "duration": 300, "changelist": 564656, "urls": {"jmcs://jd-contents/Fancy/Fancy_ULTRA.webm": "https://cdn.glitch.me/c6807563-9703-4452-bd7b-b06e822ec772/Fancy_ULTRA.webm", "jmcs://jd-contents/Fancy/Fancy_MID.webm": "https://cdn.glitch.me/c6807563-9703-4452-bd7b-b06e822ec772/Fancy_MID.webm", "jmcs://jd-contents/Fancy/Fancy_LOW.webm": "https://cdn.glitch.me/c6807563-9703-4452-bd7b-b06e822ec772/Fancy_LOW.webm", "jmcs://jd-contents/Fancy/Fancy_HIGH.webm": "https://cdn.glitch.me/c6807563-9703-4452-bd7b-b06e822ec772/Fancy_HIGH.webm", "jmcs://jd-contents/Fancy/Fancy.ogg": "https://cdn.glitch.me/c6807563-9703-4452-bd7b-b06e822ec772/Fancy.ogg"}}