{"__class": "ContentAuthorizationEntry", "duration": 300, "changelist": 280634, "urls": {"jmcs://jd-contents/FeelIt/FeelIt_ULTRA.webm": "https://cdn.glitch.me/a34690a7-28a9-41f2-b75c-eb3501ba1fdd%2FFeelIt_ULTRA.webm?v=1608741262591", "jmcs://jd-contents/FeelIt/FeelIt_ULTRA.hd.webm": "https://cdn.glitch.me/a34690a7-28a9-41f2-b75c-eb3501ba1fdd%2FFeelIt_ULTRA.webm?v=1608741262591", "jmcs://jd-contents/FeelIt/FeelIt_MID.webm": "https://cdn.glitch.me/a34690a7-28a9-41f2-b75c-eb3501ba1fdd%2FFeelIt_MID.webm?v=1608741132552", "jmcs://jd-contents/FeelIt/FeelIt_MID.hd.webm": "https://cdn.glitch.me/a34690a7-28a9-41f2-b75c-eb3501ba1fdd%2FFeelIt_MID.webm?v=1608741132552", "jmcs://jd-contents/FeelIt/FeelIt_LOW.webm": "https://cdn.glitch.me/a34690a7-28a9-41f2-b75c-eb3501ba1fdd%2FFeelIt_LOW.webm?v=1608741091470", "jmcs://jd-contents/FeelIt/FeelIt_LOW.hd.webm": "https://cdn.glitch.me/a34690a7-28a9-41f2-b75c-eb3501ba1fdd%2FFeelIt_LOW.webm?v=1608741091470", "jmcs://jd-contents/FeelIt/FeelIt_HIGH.webm": "https://cdn.glitch.me/a34690a7-28a9-41f2-b75c-eb3501ba1fdd%2FFeelIt_HIGH.webm?v=1608741182057", "jmcs://jd-contents/FeelIt/FeelIt_HIGH.hd.webm": "https://cdn.glitch.me/a34690a7-28a9-41f2-b75c-eb3501ba1fdd%2FFeelIt_HIGH.webm?v=1608741182057", "jmcs://jd-contents/FeelIt/FeelIt.ogg": "https://cdn.glitch.me/a34690a7-28a9-41f2-b75c-eb3501ba1fdd%2Ffeelit_ogg.ogg?v=1608739305053"}}