{"__class": "ContentAuthorizationEntry", "duration": 300, "changelist": 480634, "urls": {"jmcs://jd-contents/FeelSoRight/FeelSoRight_ULTRA.webm": "https://cdn.glitch.me/987fcfcc-18ca-4bb2-8005-77d9754b14a6%2FFeelSoRight_ULTRA.webm", "jmcs://jd-contents/FeelSoRight/FeelSoRight_MID.webm": "https://cdn.glitch.me/987fcfcc-18ca-4bb2-8005-77d9754b14a6%2FFeelSoRight_MID.webm", "jmcs://jd-contents/FeelSoRight/FeelSoRight_LOW.webm": "https://cdn.glitch.me/987fcfcc-18ca-4bb2-8005-77d9754b14a6%2FFeelSoRight_LOW.webm", "jmcs://jd-contents/FeelSoRight/FeelSoRight_HIGH.webm": "https://cdn.glitch.me/987fcfcc-18ca-4bb2-8005-77d9754b14a6%2FFeelSoRight_HIGH.webm", "jmcs://jd-contents/FeelSoRight/FeelSoRight.ogg": "https://cdn.glitch.me/987fcfcc-18ca-4bb2-8005-77d9754b14a6%2FFeelSoRight.ogg"}}