{"__class": "ContentAuthorizationEntry", "duration": 300, "changelist": 280634, "urls": {"jmcs://jd-contents/FindYou/FindYou_ULTRA.webm": "https://cdn.glitch.me/a34690a7-28a9-41f2-b75c-eb3501ba1fdd%2FFindYou_Ultra.webm?v=1609557655876", "jmcs://jd-contents/FindYou/FindYou_ULTRA.hd.webm": "https://cdn.glitch.me/a34690a7-28a9-41f2-b75c-eb3501ba1fdd%2FFindYou_Ultra.webm?v=1609557655876", "jmcs://jd-contents/FindYou/FindYou_MID.webm": "https://cdn.glitch.me/a34690a7-28a9-41f2-b75c-eb3501ba1fdd%2FFindYou_Mid.webm?v=1609557586068", "jmcs://jd-contents/FindYou/FindYou_MID.hd.webm": "https://cdn.glitch.me/a34690a7-28a9-41f2-b75c-eb3501ba1fdd%2FFindYou_Mid.webm?v=1609557586068", "jmcs://jd-contents/FindYou/FindYou_LOW.webm": "https://cdn.glitch.me/a34690a7-28a9-41f2-b75c-eb3501ba1fdd%2FFindYou_Low.webm?v=1609557522273", "jmcs://jd-contents/FindYou/FindYou_LOW.hd.webm": "https://cdn.glitch.me/a34690a7-28a9-41f2-b75c-eb3501ba1fdd%2FFindYou_Low.webm?v=1609557522273", "jmcs://jd-contents/FindYou/FindYou_HIGH.webm": "https://cdn.glitch.me/a34690a7-28a9-41f2-b75c-eb3501ba1fdd%2FFindYou_Ultra.webm?v=1609557655876", "jmcs://jd-contents/FindYou/FindYou_HIGH.hd.webm": "https://cdn.glitch.me/a34690a7-28a9-41f2-b75c-eb3501ba1fdd%2FFindYou_Ultra.webm?v=1609557655876", "jmcs://jd-contents/FindYou/FindYou.ogg": "https://cdn.glitch.me/a34690a7-28a9-41f2-b75c-eb3501ba1fdd%2FFindYou.ogg?v=1609557529347"}}