{"__class": "ContentAuthorizationEntry", "duration": 300, "changelist": 480634, "urls": {"jmcs://jd-contents/FineChinaALT/FineChinaALT_ULTRA.webm": "https://cdn.glitch.me/987fcfcc-18ca-4bb2-8005-77d9754b14a6%2FFineChinaALT_ULTRA.webm", "jmcs://jd-contents/FineChinaALT/FineChinaALT_MID.webm": "https://cdn.glitch.me/987fcfcc-18ca-4bb2-8005-77d9754b14a6%2FFineChinaALT_MID.webm", "jmcs://jd-contents/FineChinaALT/FineChinaALT_LOW.webm": "https://cdn.glitch.me/987fcfcc-18ca-4bb2-8005-77d9754b14a6%2FFineChinaALT_LOW.webm", "jmcs://jd-contents/FineChinaALT/FineChinaALT_HIGH.webm": "https://cdn.glitch.me/987fcfcc-18ca-4bb2-8005-77d9754b14a6%2FFineChinaALT_HIGH.webm", "jmcs://jd-contents/FineChinaALT/FineChinaALT_ULTRA.hd.webm": "https://cdn.glitch.me/987fcfcc-18ca-4bb2-8005-77d9754b14a6%2FFineChinaALT_ULTRA.hd.webm", "jmcs://jd-contents/FineChinaALT/FineChinaALT_MID.hd.webm": "https://cdn.glitch.me/987fcfcc-18ca-4bb2-8005-77d9754b14a6%2FFineChinaALT_MID.hd.webm", "jmcs://jd-contents/FineChinaALT/FineChinaALT_LOW.hd.webm": "https://cdn.glitch.me/987fcfcc-18ca-4bb2-8005-77d9754b14a6%2FFineChinaALT_LOW.hd.webm", "jmcs://jd-contents/FineChinaALT/FineChinaALT_HIGH.hd.webm": "https://cdn.glitch.me/987fcfcc-18ca-4bb2-8005-77d9754b14a6%2FFineChinaALT_HIGH.hd.webm", "jmcs://jd-contents/FineChinaALT/FineChinaALT.ogg": "https://cdn.glitch.me/987fcfcc-18ca-4bb2-8005-77d9754b14a6%2FFineChinaALT.ogg"}}