{"__class": "ContentAuthorizationEntry", "duration": 300000, "changelist": 300, "urls": {"jmcs://jd-contents/FinesseALT/FinesseALT_ULTRA.webm": "https://cdn.glitch.me/a26ba0ac-032e-4eda-a9f6-6db88289ff87%2FFinesseALT_ULTRA.webm?v=1616012792325", "jmcs://jd-contents/FinesseALT/FinesseALT_HIGH.webm": "https://cdn.glitch.me/a26ba0ac-032e-4eda-a9f6-6db88289ff87%2FFinesseALT_HIGH.webm?v=1616011951543", "jmcs://jd-contents/FinesseALT/FinesseALT_MID.webm": "https://cdn.glitch.me/a26ba0ac-032e-4eda-a9f6-6db88289ff87%2FFinesseALT_MID.webm?v=1616011597213", "jmcs://jd-contents/FinesseALT/FinesseALT_LOW.webm": "https://cdn.glitch.me/a26ba0ac-032e-4eda-a9f6-6db88289ff87%2FFinesseALT_LOW.webm?v=1616011130648", "jmcs://jd-contents/FinesseALT/FinesseALT.ogg": "https://cdn.glitch.me/a26ba0ac-032e-4eda-a9f6-6db88289ff87%2FFinesseALT.ogg?v=1616010924933"}}