{"__class": "ContentAuthorizationEntry", "duration": 300, "changelist": 480634, "urls": {"jmcs://jd-contents/FineChina/FineChina_ULTRA.webm": "https://cdn.glitch.me/987fcfcc-18ca-4bb2-8005-77d9754b14a6%2FFineChina_ULTRA.webm", "jmcs://jd-contents/FineChina/FineChina_MID.webm": "https://cdn.glitch.me/987fcfcc-18ca-4bb2-8005-77d9754b14a6%2FFineChina_MID.webm", "jmcs://jd-contents/FineChina/FineChina_LOW.webm": "https://cdn.glitch.me/987fcfcc-18ca-4bb2-8005-77d9754b14a6%2FFineChina_LOW.webm", "jmcs://jd-contents/FineChina/FineChina_HIGH.webm": "https://cdn.glitch.me/987fcfcc-18ca-4bb2-8005-77d9754b14a6%2FFineChina_HIGH.webm", "jmcs://jd-contents/FineChina/FineChina_ULTRA.hd.webm": "https://cdn.glitch.me/987fcfcc-18ca-4bb2-8005-77d9754b14a6%2FFineChina_ULTRA.hd.webm", "jmcs://jd-contents/FineChina/FineChina_MID.hd.webm": "https://cdn.glitch.me/987fcfcc-18ca-4bb2-8005-77d9754b14a6%2FFineChina_MID.hd.webm", "jmcs://jd-contents/FineChina/FineChina_LOW.hd.webm": "https://cdn.glitch.me/987fcfcc-18ca-4bb2-8005-77d9754b14a6%2FFineChina_LOW.hd.webm", "jmcs://jd-contents/FineChina/FineChina_HIGH.hd.webm": "https://cdn.glitch.me/987fcfcc-18ca-4bb2-8005-77d9754b14a6%2FFineChina_HIGH.hd.webm", "jmcs://jd-contents/FineChina/FineChina.ogg": "https://cdn.glitch.me/987fcfcc-18ca-4bb2-8005-77d9754b14a6%2FFineChina.ogg"}}