{"__class": "ContentAuthorizationEntry", "duration": 300000, "changelist": 300, "urls": {"jmcs://jd-contents/Finesse/Finesse_ULTRA.webm": "https://cdn.glitch.me/a26ba0ac-032e-4eda-a9f6-6db88289ff87%2FFinesse_ULTRA.webm?v=1616012896416", "jmcs://jd-contents/Finesse/Finesse_HIGH.webm": "https://cdn.glitch.me/a26ba0ac-032e-4eda-a9f6-6db88289ff87%2FFinesse_HIGH.webm?v=1616012182079", "jmcs://jd-contents/Finesse/Finesse_MID.webm": "https://cdn.glitch.me/a26ba0ac-032e-4eda-a9f6-6db88289ff87%2FFinesse_MID.webm?v=1616011520038", "jmcs://jd-contents/Finesse/Finesse_LOW.webm": "https://cdn.glitch.me/a26ba0ac-032e-4eda-a9f6-6db88289ff87%2FFinesse_LOW.webm?v=1616011129804", "jmcs://jd-contents/Finesse/Finesse.ogg": "https://cdn.glitch.me/a26ba0ac-032e-4eda-a9f6-6db88289ff87%2FFinesse.ogg?v=1616010918742"}}