{"__class": "ContentAuthorizationEntry", "duration": 300000, "changelist": 300, "urls": {"jmcs://jd-contents/Fire/Fire_ULTRA.webm": "https://cdn.glitch.me/a26ba0ac-032e-4eda-a9f6-6db88289ff87%2FFire_ULTRA.webm?v=1616013434090", "jmcs://jd-contents/Fire/Fire_HIGH.webm": "https://cdn.glitch.me/a26ba0ac-032e-4eda-a9f6-6db88289ff87%2FFire_HIGH.webm?v=1616012194769", "jmcs://jd-contents/Fire/Fire_MID.webm": "https://cdn.glitch.me/a26ba0ac-032e-4eda-a9f6-6db88289ff87%2FFire_MID.webm?v=1616011510725", "jmcs://jd-contents/Fire/Fire_LOW.webm": "https://cdn.glitch.me/a26ba0ac-032e-4eda-a9f6-6db88289ff87%2FFire_LOW.webm?v=1616011108105", "jmcs://jd-contents/Fire/Fire.ogg": "https://cdn.glitch.me/a26ba0ac-032e-4eda-a9f6-6db88289ff87%2FFire.ogg?v=1616010909343"}}