{"__class": "ContentAuthorizationEntry", "duration": 300, "changelist": 540229, "urls": {"jmcs://jd-contents/FitButYouKnow/FitButYouKnow_ULTRA.webm": "https://cdn.glitch.me/253949fc-b561-4250-aa5b-b32da09824d2%2FFitButYouKnow_ULTRA.webm?v=1615645798964", "jmcs://jd-contents/FitButYouKnow/FitButYouKnow_MID.webm": "https://cdn.glitch.me/253949fc-b561-4250-aa5b-b32da09824d2%2FFitButYouKnow_MID.webm?v=1615645750309", "jmcs://jd-contents/FitButYouKnow/FitButYouKnow_LOW.webm": "https://cdn.glitch.me/253949fc-b561-4250-aa5b-b32da09824d2%2FFitButYouKnow_LOW.webm?v=1615645730315", "jmcs://jd-contents/FitButYouKnow/FitButYouKnow_HIGH.webm": "https://cdn.glitch.me/253949fc-b561-4250-aa5b-b32da09824d2%2FFitButYouKnow_HIGH.webm?v=1615645738338", "jmcs://jd-contents/FitButYouKnow/FitButYouKnow.ogg": "https://cdn.glitch.me/253949fc-b561-4250-aa5b-b32da09824d2%2FFitButYouKnow.ogg?v=1615645717568"}}