{"__class": "ContentAuthorizationEntry", "duration": 300, "changelist": 544216, "urls": {"jmcs://jd-contents/Flash/Flash_ULTRA.webm": "https://cdn.glitch.me/c79885f9-42cc-4227-bcc7-ca8ae201a613%2FFlash_ULTRA.webm?v=1612242046902", "jmcs://jd-contents/Flash/Flash_MID.webm": "https://cdn.glitch.me/c79885f9-42cc-4227-bcc7-ca8ae201a613%2FFlash_MID.webm?v=1612241425770", "jmcs://jd-contents/Flash/Flash_LOW.webm": "https://cdn.glitch.me/c79885f9-42cc-4227-bcc7-ca8ae201a613%2FFlash_LOW.webm?v=1612241240407", "jmcs://jd-contents/Flash/Flash_HIGH.webm": "https://cdn.glitch.me/c79885f9-42cc-4227-bcc7-ca8ae201a613%2FFlash_HIGH.webm?v=1612241621368", "jmcs://jd-contents/Flash/Flash.ogg": "https://cdn.glitch.me/9f987805-51e9-400c-88d2-cba974ed2d57%2Fflash.ogg?v=1612241243375"}}