{"__class": "ContentAuthorizationEntry", "duration": 300, "changelist": 535312, "urls": {"jmcs://jd-contents/FlyingStepVIP/FlyingStepVIP_ULTRA.webm": "https://cdn.glitch.me/5f723157-3676-4102-a72b-6acbaa1c7923%2FFlyingStepVIP_ULTRA.webm", "jmcs://jd-contents/FlyingStepVIP/FlyingStepVIP_MID.webm": "https://cdn.glitch.me/5f723157-3676-4102-a72b-6acbaa1c7923%2FFlyingStepVIP_MID.webm", "jmcs://jd-contents/FlyingStepVIP/FlyingStepVIP_LOW.webm": "https://cdn.glitch.me/5f723157-3676-4102-a72b-6acbaa1c7923%2FFlyingStepVIP_LOW.webm", "jmcs://jd-contents/FlyingStepVIP/FlyingStepVIP_HIGH.webm": "https://cdn.glitch.me/5f723157-3676-4102-a72b-6acbaa1c7923%2FFlyingStepVIP_HIGH.webm", "jmcs://jd-contents/FlyingStepVIP/FlyingStepVIP.ogg": "https://cdn.glitch.me/5f723157-3676-4102-a72b-6acbaa1c7923%2FFlyingStepVIP.ogg"}}