{"__class": "ContentAuthorizationEntry", "duration": 300, "changelist": 280634, "urls": {"jmcs://jd-contents/FootlooseKids/FootlooseKids_ULTRA.webm": "https://cdn.glitch.me/a34690a7-28a9-41f2-b75c-eb3501ba1fdd%2FFootlooseKids_ULTRA.webm?v=1609023400366", "jmcs://jd-contents/FootlooseKids/FootlooseKids_ULTRA.hd.webm": "https://cdn.glitch.me/a34690a7-28a9-41f2-b75c-eb3501ba1fdd%2FFootlooseKids_ULTRA.webm?v=1609023400366", "jmcs://jd-contents/FootlooseKids/FootlooseKids_MID.webm": "https://cdn.glitch.me/a34690a7-28a9-41f2-b75c-eb3501ba1fdd%2FFootlooseKids_MID.webm?v=1609023327408", "jmcs://jd-contents/FootlooseKids/FootlooseKids_MID.hd.webm": "https://cdn.glitch.me/a34690a7-28a9-41f2-b75c-eb3501ba1fdd%2FFootlooseKids_MID.webm?v=1609023327408", "jmcs://jd-contents/FootlooseKids/FootlooseKids_LOW.webm": "https://cdn.glitch.me/a34690a7-28a9-41f2-b75c-eb3501ba1fdd%2FFootlooseKids_LOW.webm?v=1609023287772", "jmcs://jd-contents/FootlooseKids/FootlooseKids_LOW.hd.webm": "https://cdn.glitch.me/a34690a7-28a9-41f2-b75c-eb3501ba1fdd%2FFootlooseKids_LOW.webm?v=1609023287772", "jmcs://jd-contents/FootlooseKids/FootlooseKids_HIGH.webm": "https://cdn.glitch.me/a34690a7-28a9-41f2-b75c-eb3501ba1fdd%2FFootlooseKids_HIGH.webm?v=1609023367352", "jmcs://jd-contents/FootlooseKids/FootlooseKids_HIGH.hd.webm": "https://cdn.glitch.me/a34690a7-28a9-41f2-b75c-eb3501ba1fdd%2FFootlooseKids_HIGH.webm?v=1609023367352", "jmcs://jd-contents/FootlooseKids/FootlooseKids.ogg": "https://cdn.glitch.me/a34690a7-28a9-41f2-b75c-eb3501ba1fdd%2FFootlooseKids.ogg?v=1609023277379"}}