{"__class": "ContentAuthorizationEntry", "duration": 300, "changelist": 466919, "urls": {"jmcs://jd-contents/ForgetYou/ForgetYou_ULTRA.webm": "https://cdn.glitch.me/da420b31-7737-45a1-b1e4-809473a2fcd0%2FForgetYou_ULTRA.webm?v=1612332297900", "jmcs://jd-contents/ForgetYou/ForgetYou_MID.webm": "https://cdn.glitch.me/da420b31-7737-45a1-b1e4-809473a2fcd0%2FForgetYou_MID.webm?v=1612332151554", "jmcs://jd-contents/ForgetYou/ForgetYou_LOW.webm": "https://cdn.glitch.me/da420b31-7737-45a1-b1e4-809473a2fcd0%2FForgetYou_LOW.webm?v=1612332058300", "jmcs://jd-contents/ForgetYou/ForgetYou_HIGH.webm": "https://cdn.glitch.me/da420b31-7737-45a1-b1e4-809473a2fcd0%2FForgetYou_HIGH.webm?v=1612332188631", "jmcs://jd-contents/ForgetYou/ForgetYou.ogg": "https://cdn.glitch.me/da420b31-7737-45a1-b1e4-809473a2fcd0%2FForgetYou.ogg?v=1612332025563"}}