{"__class": "ContentAuthorizationEntry", "duration": 300, "changelist": 564656, "urls": {"jmcs://jd-contents/FriendInMe/FriendInMe_ULTRA.webm": "https://cdn.glitch.me/c79885f9-42cc-4227-bcc7-ca8ae201a613/clean.FriendInMe_ULTRA.webm", "jmcs://jd-contents/FriendInMe/FriendInMe_MID.webm": "https://cdn.glitch.me/c79885f9-42cc-4227-bcc7-ca8ae201a613/clean.FriendInMe_MID.webm", "jmcs://jd-contents/FriendInMe/FriendInMe_LOW.webm": "https://cdn.glitch.me/c79885f9-42cc-4227-bcc7-ca8ae201a613/clean.FriendInMe_LOW.webm", "jmcs://jd-contents/FriendInMe/FriendInMe_HIGH.webm": "https://cdn.glitch.me/c79885f9-42cc-4227-bcc7-ca8ae201a613/clean.FriendInMe_HIGH.webm", "jmcs://jd-contents/FriendInMe/FriendInMe.ogg": "https://cdn.glitch.me/9f987805-51e9-400c-88d2-cba974ed2d57/FriendInMe_AUDIO.ogg"}}