{"__class": "ContentAuthorizationEntry", "duration": 300, "changelist": 564656, "urls": {"jmcs://jd-contents/FunkyTown/FunkyTown_ULTRA.webm": "https://cdn.glitch.me/c6807563-9703-4452-bd7b-b06e822ec772/FunkyTown_ULTRA.webm", "jmcs://jd-contents/FunkyTown/FunkyTown_MID.webm": "https://cdn.glitch.me/c6807563-9703-4452-bd7b-b06e822ec772/FunkyTown_MID.webm", "jmcs://jd-contents/FunkyTown/FunkyTown_LOW.webm": "https://cdn.glitch.me/c6807563-9703-4452-bd7b-b06e822ec772/FunkyTown_LOW.webm", "jmcs://jd-contents/FunkyTown/FunkyTown_HIGH.webm": "https://cdn.glitch.me/c6807563-9703-4452-bd7b-b06e822ec772/FunkyTown_HIGH.webm", "jmcs://jd-contents/FunkyTown/FunkyTown.ogg": "https://cdn.glitch.me/c6807563-9703-4452-bd7b-b06e822ec772/FunkyTown.ogg"}}