{"__class": "ContentAuthorizationEntry", "duration": 300, "changelist": 280634, "urls": {"jmcs://jd-contents/GakuenTengoku/GakuenTengoku_ULTRA.webm": "https://cdn.glitch.me/ba2f166c-56b8-4b5b-895a-085e0140c4bf/gakuen.ultra.webm", "jmcs://jd-contents/GakuenTengoku/GakuenTengoku_MID.webm": "https://cdn.glitch.me/ba2f166c-56b8-4b5b-895a-085e0140c4bf/gakuen.mid.webm", "jmcs://jd-contents/GakuenTengoku/GakuenTengoku_LOW.webm": "https://cdn.glitch.me/ba2f166c-56b8-4b5b-895a-085e0140c4bf/gakuen.low.webm", "jmcs://jd-contents/GakuenTengoku/GakuenTengoku_HIGH.webm": "https://cdn.glitch.me/ba2f166c-56b8-4b5b-895a-085e0140c4bf/gakuen.high.webm", "jmcs://jd-contents/GakuenTengoku/GakuenTengoku.ogg": "https://cdn.glitch.me/ba2f166c-56b8-4b5b-895a-085e0140c4bf/gakuentengoku.ogg"}}