{"__class": "ContentAuthorizationEntry", "duration": 300, "changelist": 480634, "urls": {"jmcs://jd-contents/GAndB/GAndB_ULTRA.webm": "https://cdn.glitch.me/987fcfcc-18ca-4bb2-8005-77d9754b14a6%2FGAndB_ULTRA.webm", "jmcs://jd-contents/GAndB/GAndB_MID.webm": "https://cdn.glitch.me/987fcfcc-18ca-4bb2-8005-77d9754b14a6%2FGAndB_MID.webm", "jmcs://jd-contents/GAndB/GAndB_LOW.webm": "https://cdn.glitch.me/987fcfcc-18ca-4bb2-8005-77d9754b14a6%2FGAndB_LOW.webm", "jmcs://jd-contents/GAndB/GAndB_HIGH.webm": "https://cdn.glitch.me/987fcfcc-18ca-4bb2-8005-77d9754b14a6%2FGAndB_HIGH.webm", "jmcs://jd-contents/GAndB/GAndB.ogg": "https://cdn.glitch.me/987fcfcc-18ca-4bb2-8005-77d9754b14a6%2FGAndB.ogg"}}