{"__class": "ContentAuthorizationEntry", "duration": 300, "changelist": 480634, "urls": {"jmcs://jd-contents/Gentleman/Gentleman_ULTRA.webm": "https://cdn.glitch.me/987fcfcc-18ca-4bb2-8005-77d9754b14a6%2FGentleman_ULTRA.webm", "jmcs://jd-contents/Gentleman/Gentleman_MID.webm": "https://cdn.glitch.me/987fcfcc-18ca-4bb2-8005-77d9754b14a6%2FGentleman_MID.webm", "jmcs://jd-contents/Gentleman/Gentleman_LOW.webm": "https://cdn.glitch.me/987fcfcc-18ca-4bb2-8005-77d9754b14a6%2FGentleman_LOW.webm", "jmcs://jd-contents/Gentleman/Gentleman_HIGH.webm": "https://cdn.glitch.me/987fcfcc-18ca-4bb2-8005-77d9754b14a6%2FGentleman_HIGH.webm", "jmcs://jd-contents/Gentleman/Gentleman.ogg": "https://cdn.glitch.me/987fcfcc-18ca-4bb2-8005-77d9754b14a6%2FGentleman.ogg"}}