{"__class": "ContentAuthorizationEntry", "duration": 300, "changelist": 480634, "urls": {"jmcs://jd-contents/GentlemanSWT/GentlemanSWT_ULTRA.webm": "https://cdn.glitch.me/987fcfcc-18ca-4bb2-8005-77d9754b14a6%2FGentlemanSWT_ULTRA.webm", "jmcs://jd-contents/GentlemanSWT/GentlemanSWT_MID.webm": "https://cdn.glitch.me/987fcfcc-18ca-4bb2-8005-77d9754b14a6%2FGentlemanSWT_MID.webm", "jmcs://jd-contents/GentlemanSWT/GentlemanSWT_LOW.webm": "https://cdn.glitch.me/987fcfcc-18ca-4bb2-8005-77d9754b14a6%2FGentlemanSWT_LOW.webm", "jmcs://jd-contents/GentlemanSWT/GentlemanSWT_HIGH.webm": "https://cdn.glitch.me/987fcfcc-18ca-4bb2-8005-77d9754b14a6%2FGentlemanSWT_HIGH.webm", "jmcs://jd-contents/GentlemanSWT/GentlemanSWT.ogg": "https://cdn.glitch.me/987fcfcc-18ca-4bb2-8005-77d9754b14a6%2FGentlemanSWT.ogg"}}