{"__class": "ContentAuthorizationEntry", "duration": 300, "changelist": 480634, "urls": {"jmcs://jd-contents/GerappoDanceTrain/GerappoDanceTrain_ULTRA.webm": "https://cdn.glitch.me/987fcfcc-18ca-4bb2-8005-77d9754b14a6%2FGerappoDanceTrain_ULTRA.webm", "jmcs://jd-contents/GerappoDanceTrain/GerappoDanceTrain_MID.webm": "https://cdn.glitch.me/987fcfcc-18ca-4bb2-8005-77d9754b14a6%2FGerappoDanceTrain_MID.webm", "jmcs://jd-contents/GerappoDanceTrain/GerappoDanceTrain_LOW.webm": "https://cdn.glitch.me/987fcfcc-18ca-4bb2-8005-77d9754b14a6%2FGerappoDanceTrain_LOW.webm", "jmcs://jd-contents/GerappoDanceTrain/GerappoDanceTrain_HIGH.webm": "https://cdn.glitch.me/987fcfcc-18ca-4bb2-8005-77d9754b14a6%2FGerappoDanceTrain_HIGH.webm", "jmcs://jd-contents/GerappoDanceTrain/GerappoDanceTrain.ogg": "https://cdn.glitch.me/987fcfcc-18ca-4bb2-8005-77d9754b14a6%2F3211fff3-f0e7-44ba-82a0-05eff5683c4e_GerappoDanceTrain_FINAL.ogg"}}