{"__class": "ContentAuthorizationEntry", "duration": 300, "changelist": 280634, "urls": {"jmcs://jd-contents/GetAround/GetAround_ULTRA.webm": "https://cdn.glitch.me/26b2e809-f8db-4bc6-8ead-d4c3efa970f2/GetAround_ULTRA.webm", "jmcs://jd-contents/GetAround/GetAround_MID.webm": "https://cdn.glitch.me/26b2e809-f8db-4bc6-8ead-d4c3efa970f2/GetAround_MID.webm", "jmcs://jd-contents/GetAround/GetAround_LOW.webm": "https://cdn.glitch.me/26b2e809-f8db-4bc6-8ead-d4c3efa970f2/GetAround_LOW.webm", "jmcs://jd-contents/GetAround/GetAround_HIGH.webm": "https://cdn.glitch.me/26b2e809-f8db-4bc6-8ead-d4c3efa970f2/GetAround_HIGH.webm", "jmcs://jd-contents/GetAround/GetAround.ogg": "https://cdn.glitch.me/26b2e809-f8db-4bc6-8ead-d4c3efa970f2/GetAround.ogg"}}