{"__class": "ContentAuthorizationEntry", "duration": 300, "changelist": 540229, "urls": {"jmcs://jd-contents/GetBusy/GetBusy_ULTRA.webm": "https://cdn.glitch.me/253949fc-b561-4250-aa5b-b32da09824d2%2FGetBusy_ULTRA.webm?v=1615645856155", "jmcs://jd-contents/GetBusy/GetBusy_MID.webm": "https://cdn.glitch.me/253949fc-b561-4250-aa5b-b32da09824d2%2FGetBusy_MID.webm?v=1615645823688", "jmcs://jd-contents/GetBusy/GetBusy_LOW.webm": "https://cdn.glitch.me/253949fc-b561-4250-aa5b-b32da09824d2%2FGetBusy_LOW.webm?v=1615645806008", "jmcs://jd-contents/GetBusy/GetBusy_HIGH.webm": "https://cdn.glitch.me/253949fc-b561-4250-aa5b-b32da09824d2%2FGetBusy_HIGH.webm?v=1615645906864", "jmcs://jd-contents/GetBusy/GetBusy.ogg": "https://cdn.glitch.me/253949fc-b561-4250-aa5b-b32da09824d2%2FGetBusy.ogg?v=1615645810667"}}