{"__class": "ContentAuthorizationEntry", "duration": 300, "changelist": 280634, "urls": {"jmcs://jd-contents/GhostInTheKeysMU/GhostInTheKeysMU_ULTRA.webm": "https://cdn.glitch.me/26b2e809-f8db-4bc6-8ead-d4c3efa970f2/GhostInTheKeysMU_ULTRA.webm", "jmcs://jd-contents/GhostInTheKeysMU/GhostInTheKeysMU_MID.webm": "https://cdn.glitch.me/26b2e809-f8db-4bc6-8ead-d4c3efa970f2/GhostInTheKeysMU_MID.webm", "jmcs://jd-contents/GhostInTheKeysMU/GhostInTheKeysMU_LOW.webm": "https://cdn.glitch.me/26b2e809-f8db-4bc6-8ead-d4c3efa970f2/GhostInTheKeysMU_LOW.webm", "jmcs://jd-contents/GhostInTheKeysMU/GhostInTheKeysMU_HIGH.webm": "https://cdn.glitch.me/26b2e809-f8db-4bc6-8ead-d4c3efa970f2/GhostInTheKeysMU_HIGH.webm", "jmcs://jd-contents/GhostInTheKeysMU/GhostInTheKeysMU.ogg": "https://cdn.glitch.me/26b2e809-f8db-4bc6-8ead-d4c3efa970f2/GhostInTheKeysMU.ogg"}}