{"__class": "ContentAuthorizationEntry", "duration": 300, "changelist": 480634, "urls": {"jmcs://jd-contents/Ghostbusters/Ghostbusters_ULTRA.webm": "https://cdn.glitch.me/987fcfcc-18ca-4bb2-8005-77d9754b14a6%2FGhostbusters_ULTRA.webm", "jmcs://jd-contents/Ghostbusters/Ghostbusters_MID.webm": "https://cdn.glitch.me/987fcfcc-18ca-4bb2-8005-77d9754b14a6%2FGhostbusters_MID.webm", "jmcs://jd-contents/Ghostbusters/Ghostbusters_LOW.webm": "https://cdn.glitch.me/987fcfcc-18ca-4bb2-8005-77d9754b14a6%2FGhostbusters_LOW.webm", "jmcs://jd-contents/Ghostbusters/Ghostbusters_HIGH.webm": "https://cdn.glitch.me/987fcfcc-18ca-4bb2-8005-77d9754b14a6%2FGhostbusters_HIGH.webm", "jmcs://jd-contents/Ghostbusters/Ghostbusters.ogg": "https://cdn.glitch.me/987fcfcc-18ca-4bb2-8005-77d9754b14a6%2FGhostbusters.ogg"}}