{"__class": "ContentAuthorizationEntry", "duration": 300, "changelist": 480634, "urls": {"jmcs://jd-contents/GhostbustersSWT/GhostbustersSWT_ULTRA.webm": "https://cdn.glitch.me/987fcfcc-18ca-4bb2-8005-77d9754b14a6%2FGhostbustersSWT_ULTRA.webm", "jmcs://jd-contents/GhostbustersSWT/GhostbustersSWT_MID.webm": "https://cdn.glitch.me/987fcfcc-18ca-4bb2-8005-77d9754b14a6%2FGhostbustersSWT_MID.webm", "jmcs://jd-contents/GhostbustersSWT/GhostbustersSWT_LOW.webm": "https://cdn.glitch.me/987fcfcc-18ca-4bb2-8005-77d9754b14a6%2FGhostbustersSWT_LOW.webm", "jmcs://jd-contents/GhostbustersSWT/GhostbustersSWT_HIGH.webm": "https://cdn.glitch.me/987fcfcc-18ca-4bb2-8005-77d9754b14a6%2FGhostbustersSWT_HIGH.webm", "jmcs://jd-contents/GhostbustersSWT/GhostbustersSWT.ogg": "https://cdn.glitch.me/987fcfcc-18ca-4bb2-8005-77d9754b14a6%2FGhostbustersSWT.ogg"}}