{"__class": "ContentAuthorizationEntry", "duration": 300, "changelist": 564656, "urls": {"jmcs://jd-contents/GiddyOnUp/GiddyOnUp_ULTRA.webm": "https://cdn.glitch.me/c6807563-9703-4452-bd7b-b06e822ec772/GiddyOnUp_ULTRA.webm", "jmcs://jd-contents/GiddyOnUp/GiddyOnUp_MID.webm": "https://cdn.glitch.me/c6807563-9703-4452-bd7b-b06e822ec772/GiddyOnUp_MID.webm", "jmcs://jd-contents/GiddyOnUp/GiddyOnUp_LOW.webm": "https://cdn.glitch.me/c6807563-9703-4452-bd7b-b06e822ec772/GiddyOnUp_LOW.webm", "jmcs://jd-contents/GiddyOnUp/GiddyOnUp_HIGH.webm": "https://cdn.glitch.me/c6807563-9703-4452-bd7b-b06e822ec772/GiddyOnUp_HIGH.webm", "jmcs://jd-contents/GiddyOnUp/GiddyOnUp.ogg": "https://cdn.glitch.me/c6807563-9703-4452-bd7b-b06e822ec772/GiddyOnUp.ogg"}}