{"__class": "ContentAuthorizationEntry", "duration": 300, "changelist": 480634, "urls": {"jmcs://jd-contents/Gigolo/Gigolo_ULTRA.webm": "https://cdn.glitch.me/987fcfcc-18ca-4bb2-8005-77d9754b14a6%2FGigolo_ULTRA.webm", "jmcs://jd-contents/Gigolo/Gigolo_MID.webm": "https://cdn.glitch.me/987fcfcc-18ca-4bb2-8005-77d9754b14a6%2FGigolo_MID.webm", "jmcs://jd-contents/Gigolo/Gigolo_LOW.webm": "https://cdn.glitch.me/987fcfcc-18ca-4bb2-8005-77d9754b14a6%2FGigolo_LOW.webm", "jmcs://jd-contents/Gigolo/Gigolo_HIGH.webm": "https://cdn.glitch.me/987fcfcc-18ca-4bb2-8005-77d9754b14a6%2FGigolo_HIGH.webm", "jmcs://jd-contents/Gigolo/Gigolo.ogg": "https://cdn.glitch.me/987fcfcc-18ca-4bb2-8005-77d9754b14a6%2FGigolo.ogg"}}