{"__class": "ContentAuthorizationEntry", "duration": 300, "changelist": 280634, "urls": {"jmcs://jd-contents/GimmeGimme/GimmeGimme_ULTRA.webm": "https://cdn.glitch.me/a34690a7-28a9-41f2-b75c-eb3501ba1fdd%2FGimmeGimme_high.webm?v=1609903952418", "jmcs://jd-contents/GimmeGimme/GimmeGimme_ULTRA.hd.webm": "https://cdn.glitch.me/a34690a7-28a9-41f2-b75c-eb3501ba1fdd%2FGimmeGimme_high.webm?v=1609903952418", "jmcs://jd-contents/GimmeGimme/GimmeGimme_MID.webm": "https://cdn.glitch.me/a34690a7-28a9-41f2-b75c-eb3501ba1fdd%2FGimmeGimme_mid.webm?v=1609903914507", "jmcs://jd-contents/GimmeGimme/GimmeGimme_MID.hd.webm": "https://cdn.glitch.me/a34690a7-28a9-41f2-b75c-eb3501ba1fdd%2FGimmeGimme_mid.webm?v=1609903914507", "jmcs://jd-contents/GimmeGimme/GimmeGimme_LOW.webm": "https://cdn.glitch.me/a34690a7-28a9-41f2-b75c-eb3501ba1fdd%2FGimmieGimme_low.webm?v=1609903859408", "jmcs://jd-contents/GimmeGimme/GimmeGimme_LOW.hd.webm": "https://cdn.glitch.me/a34690a7-28a9-41f2-b75c-eb3501ba1fdd%2FGimmieGimme_low.webm?v=1609903859408", "jmcs://jd-contents/GimmeGimme/GimmeGimme_HIGH.webm": "https://cdn.glitch.me/a34690a7-28a9-41f2-b75c-eb3501ba1fdd%2FGimmeGimme_high.webm?v=1609903952418", "jmcs://jd-contents/GimmeGimme/GimmeGimme_HIGH.hd.webm": "https://cdn.glitch.me/a34690a7-28a9-41f2-b75c-eb3501ba1fdd%2FGimmeGimme_high.webm?v=1609903952418", "jmcs://jd-contents/GimmeGimme/GimmeGimme.ogg": "https://cdn.glitch.me/a34690a7-28a9-41f2-b75c-eb3501ba1fdd%2FGimmeGimme.ogg?v=1609903844033"}}