{"__class": "ContentAuthorizationEntry", "duration": 300, "changelist": 564656, "urls": {"jmcs://jd-contents/Girlfriend/Girlfriend_ULTRA.webm": "https://cdn.glitch.me/c6807563-9703-4452-bd7b-b06e822ec772/Girlfriend_ULTRA.webm", "jmcs://jd-contents/Girlfriend/Girlfriend_MID.webm": "https://cdn.glitch.me/c6807563-9703-4452-bd7b-b06e822ec772/Girlfriend_MID.webm", "jmcs://jd-contents/Girlfriend/Girlfriend_LOW.webm": "https://cdn.glitch.me/c6807563-9703-4452-bd7b-b06e822ec772/Girlfriend_LOW.webm", "jmcs://jd-contents/Girlfriend/Girlfriend_HIGH.webm": "https://cdn.glitch.me/c6807563-9703-4452-bd7b-b06e822ec772/Girlfriend_HIGH.webm", "jmcs://jd-contents/Girlfriend/Girlfriend.ogg": "https://cdn.glitch.me/c6807563-9703-4452-bd7b-b06e822ec772/Girlfriend.ogg"}}