{"__class": "ContentAuthorizationEntry", "duration": 300, "changelist": 466919, "urls": {"jmcs://jd-contents/GirlsJustWant/GirlsJustWant_ULTRA.webm": "https://cdn.glitch.me/da420b31-7737-45a1-b1e4-809473a2fcd0%2FGirlsJustWant_ULTRA.webm?v=1612482290958", "jmcs://jd-contents/GirlsJustWant/GirlsJustWant_MID.webm": "https://cdn.glitch.me/da420b31-7737-45a1-b1e4-809473a2fcd0%2FGirlsJustWant_MID.webm?v=1612482185135", "jmcs://jd-contents/GirlsJustWant/GirlsJustWant_LOW.webm": "https://cdn.glitch.me/da420b31-7737-45a1-b1e4-809473a2fcd0%2FGirlsJustWant_LOW.webm?v=1612482134534", "jmcs://jd-contents/GirlsJustWant/GirlsJustWant_HIGH.webm": "https://cdn.glitch.me/da420b31-7737-45a1-b1e4-809473a2fcd0%2FGirlsJustWant_HIGH.webm?v=1612482217206", "jmcs://jd-contents/GirlsJustWant/GirlsJustWant.ogg": "https://cdn.glitch.me/da420b31-7737-45a1-b1e4-809473a2fcd0%2FGirlsJustWant.ogg?v=1612482115591"}}