{"__class": "ContentAuthorizationEntry", "duration": 300, "changelist": 564656, "urls": {"jmcs://jd-contents/GirlsLike/GirlsLike_ULTRA.webm": "https://cdn.glitch.me/253949fc-b561-4250-aa5b-b32da09824d2%2Fclean.GirlsLike_ULTRA.webm?v=1612424407997", "jmcs://jd-contents/GirlsLike/GirlsLike_MID.webm": "https://cdn.glitch.me/253949fc-b561-4250-aa5b-b32da09824d2%2Fclean.GirlsLike_MID.webm?v=1612424320332", "jmcs://jd-contents/GirlsLike/GirlsLike_LOW.webm": "https://cdn.glitch.me/253949fc-b561-4250-aa5b-b32da09824d2%2Fclean.GirlsLike_LOW.webm?v=1612424266406", "jmcs://jd-contents/GirlsLike/GirlsLike_HIGH.webm": "https://cdn.glitch.me/253949fc-b561-4250-aa5b-b32da09824d2%2Fclean.GirlsLike_HIGH.webm?v=1612424377361", "jmcs://jd-contents/GirlsLike/GirlsLike.ogg": "https://cdn.glitch.me/253949fc-b561-4250-aa5b-b32da09824d2%2FGirlsLike.ogg?v=1612420602385"}}