{"__class": "ContentAuthorizationEntry", "duration": 300, "changelist": 540229, "urls": {"jmcs://jd-contents/GodIsAWomanALT/GodIsAWomanALT_ULTRA.webm": "https://cdn.glitch.me/253949fc-b561-4250-aa5b-b32da09824d2%2FGodIsAWomanALT_ULTRA.webm?v=1615646306357", "jmcs://jd-contents/GodIsAWomanALT/GodIsAWomanALT_MID.webm": "https://cdn.glitch.me/253949fc-b561-4250-aa5b-b32da09824d2%2FGodIsAWomanALT_MID.webm?v=1615646086327", "jmcs://jd-contents/GodIsAWomanALT/GodIsAWomanALT_LOW.webm": "https://cdn.glitch.me/253949fc-b561-4250-aa5b-b32da09824d2%2FGodIsAWomanALT_LOW.webm?v=1615646038335", "jmcs://jd-contents/GodIsAWomanALT/GodIsAWomanALT_HIGH.webm": "https://cdn.glitch.me/253949fc-b561-4250-aa5b-b32da09824d2%2FGodIsAWomanALT_HIGH.webm?v=1615646052317", "jmcs://jd-contents/GodIsAWomanALT/GodIsAWomanALT.ogg": "https://cdn.glitch.me/253949fc-b561-4250-aa5b-b32da09824d2%2FGodIsAWomanALT.ogg?v=1615646030228"}}