{"__class": "ContentAuthorizationEntry", "duration": 300, "changelist": 540229, "urls": {"jmcs://jd-contents/GodIsAWoman/GodIsAWoman_ULTRA.webm": "https://cdn.glitch.me/253949fc-b561-4250-aa5b-b32da09824d2%2FGodIsAWoman_ULTRA.webm?v=1615645979320", "jmcs://jd-contents/GodIsAWoman/GodIsAWoman_MID.webm": "https://cdn.glitch.me/253949fc-b561-4250-aa5b-b32da09824d2%2FGodIsAWoman_MID.webm?v=1615645926398", "jmcs://jd-contents/GodIsAWoman/GodIsAWoman_LOW.webm": "https://cdn.glitch.me/253949fc-b561-4250-aa5b-b32da09824d2%2FGodIsAWoman_LOW.webm?v=1615645926398", "jmcs://jd-contents/GodIsAWoman/GodIsAWoman_HIGH.webm": "https://cdn.glitch.me/253949fc-b561-4250-aa5b-b32da09824d2%2FGodIsAWoman_HIGH.webm?v=1615646021958", "jmcs://jd-contents/GodIsAWoman/GodIsAWoman.ogg": "https://cdn.glitch.me/253949fc-b561-4250-aa5b-b32da09824d2%2FGodIsAWoman.ogg?v=1615645911669"}}