{"__class": "ContentAuthorizationEntry", "duration": 300, "changelist": 564656, "urls": {"jmcs://jd-contents/GotMeDancing/GotMeDancing_ULTRA.webm": "https://cdn.glitch.me/c6807563-9703-4452-bd7b-b06e822ec772/GotMeDancing_ULTRA.webm", "jmcs://jd-contents/GotMeDancing/GotMeDancing_MID.webm": "https://cdn.glitch.me/c6807563-9703-4452-bd7b-b06e822ec772/GotMeDancing_MID.webm", "jmcs://jd-contents/GotMeDancing/GotMeDancing_LOW.webm": "https://cdn.glitch.me/c6807563-9703-4452-bd7b-b06e822ec772/GotMeDancing_LOW.webm", "jmcs://jd-contents/GotMeDancing/GotMeDancing_HIGH.webm": "https://cdn.glitch.me/c6807563-9703-4452-bd7b-b06e822ec772/GotMeDancing_HIGH.webm", "jmcs://jd-contents/GotMeDancing/GotMeDancing.ogg": "https://cdn.glitch.me/c6807563-9703-4452-bd7b-b06e822ec772/GotMeDancing.ogg"}}