{"__class": "ContentAuthorizationEntry", "duration": 300, "changelist": 564656, "urls": {"jmcs://jd-contents/HabibiYaeniALT/HabibiYaeniALT_ULTRA.webm": "https://cdn.glitch.me/c79885f9-42cc-4227-bcc7-ca8ae201a613/clean.HabibiYaeniALT_ULTRA.webm", "jmcs://jd-contents/HabibiYaeniALT/HabibiYaeniALT_MID.webm": "https://cdn.glitch.me/c79885f9-42cc-4227-bcc7-ca8ae201a613/clean.HabibiYaeniALT_MID.webm", "jmcs://jd-contents/HabibiYaeniALT/HabibiYaeniALT_LOW.webm": "https://cdn.glitch.me/c79885f9-42cc-4227-bcc7-ca8ae201a613/clean.HabibiYaeniALT_LOW.webm", "jmcs://jd-contents/HabibiYaeniALT/HabibiYaeniALT_HIGH.webm": "https://cdn.glitch.me/c79885f9-42cc-4227-bcc7-ca8ae201a613/clean.HabibiYaeniALT_HIGH.webm", "jmcs://jd-contents/HabibiYaeniALT/HabibiYaeniALT.ogg": "https://cdn.glitch.me/9f987805-51e9-400c-88d2-cba974ed2d57/HabibiYaeniALT_AUDIO.ogg"}}