{"__class": "ContentAuthorizationEntry", "duration": 300, "changelist": 564656, "urls": {"jmcs://jd-contents/HalaBel/HalaBel_ULTRA.webm": "https://cdn.glitch.me/c6807563-9703-4452-bd7b-b06e822ec772/HalaBel_ULTRA.webm", "jmcs://jd-contents/HalaBel/HalaBel_MID.webm": "https://cdn.glitch.me/c6807563-9703-4452-bd7b-b06e822ec772/HalaBel_MID.webm", "jmcs://jd-contents/HalaBel/HalaBel_LOW.webm": "https://cdn.glitch.me/c6807563-9703-4452-bd7b-b06e822ec772/HalaBel_LOW.webm", "jmcs://jd-contents/HalaBel/HalaBel_HIGH.webm": "https://cdn.glitch.me/c6807563-9703-4452-bd7b-b06e822ec772/HalaBel_HIGH.webm", "jmcs://jd-contents/HalaBel/HalaBel.ogg": "https://cdn.glitch.me/c6807563-9703-4452-bd7b-b06e822ec772/HalaBel.ogg"}}