{"__class": "ContentAuthorizationEntry", "duration": 300, "changelist": 564656, "urls": {"jmcs://jd-contents/HalloweenQUAT/HalloweenQUAT_ULTRA.webm": "https://cdn.glitch.me/c6807563-9703-4452-bd7b-b06e822ec772/HalloweenQUAT_ULTRA.webm", "jmcs://jd-contents/HalloweenQUAT/HalloweenQUAT_MID.webm": "https://cdn.glitch.me/c6807563-9703-4452-bd7b-b06e822ec772/HalloweenQUAT_MID.webm", "jmcs://jd-contents/HalloweenQUAT/HalloweenQUAT_LOW.webm": "https://cdn.glitch.me/c6807563-9703-4452-bd7b-b06e822ec772/HalloweenQUAT_LOW.webm", "jmcs://jd-contents/HalloweenQUAT/HalloweenQUAT_HIGH.webm": "https://cdn.glitch.me/c6807563-9703-4452-bd7b-b06e822ec772/HalloweenQUAT_HIGH.webm", "jmcs://jd-contents/HalloweenQUAT/HalloweenQUAT.ogg": "https://cdn.glitch.me/c6807563-9703-4452-bd7b-b06e822ec772/HalloweenQUAT.ogg"}}