{"__class": "ContentAuthorizationEntry", "duration": 300, "changelist": 466919, "urls": {"jmcs://jd-contents/HandClap/HandClap_ULTRA.webm": "https://cdn.glitch.me/da420b31-7737-45a1-b1e4-809473a2fcd0%2FHandClap_ULTRA.webm?v=1612403165336", "jmcs://jd-contents/HandClap/HandClap_MID.webm": "https://cdn.glitch.me/da420b31-7737-45a1-b1e4-809473a2fcd0%2FHandClap_MID.webm?v=1612402772078", "jmcs://jd-contents/HandClap/HandClap_LOW.webm": "https://cdn.glitch.me/da420b31-7737-45a1-b1e4-809473a2fcd0%2FHandClap_LOW.webm?v=1612402638141", "jmcs://jd-contents/HandClap/HandClap_HIGH.webm": "https://cdn.glitch.me/da420b31-7737-45a1-b1e4-809473a2fcd0%2FHandClap_HIGH.webm?v=1612402951611", "jmcs://jd-contents/HandClap/HandClap.ogg": "https://cdn.glitch.me/da420b31-7737-45a1-b1e4-809473a2fcd0%2FHandClap.ogg?v=1612402601669"}}