{"__class": "ContentAuthorizationEntry", "duration": 300, "changelist": 564656, "urls": {"jmcs://jd-contents/Hangover/Hangover_ULTRA.webm": "https://cdn.glitch.me/c6807563-9703-4452-bd7b-b06e822ec772/Hangover_ULTRA.webm", "jmcs://jd-contents/Hangover/Hangover_MID.webm": "https://cdn.glitch.me/c6807563-9703-4452-bd7b-b06e822ec772/Hangover_MID.webm", "jmcs://jd-contents/Hangover/Hangover_LOW.webm": "https://cdn.glitch.me/c6807563-9703-4452-bd7b-b06e822ec772/Hangover_LOW.webm", "jmcs://jd-contents/Hangover/Hangover_HIGH.webm": "https://cdn.glitch.me/c6807563-9703-4452-bd7b-b06e822ec772/Hangover_HIGH.webm", "jmcs://jd-contents/Hangover/Hangover.ogg": "https://cdn.glitch.me/c6807563-9703-4452-bd7b-b06e822ec772/Hangover.ogg"}}