{"__class": "ContentAuthorizationEntry", "duration": 300, "changelist": 564656, "urls": {"jmcs://jd-contents/Happy/Happy_ULTRA.webm": "https://cdn.glitch.me/c6807563-9703-4452-bd7b-b06e822ec772/Happy_ULTRA.webm", "jmcs://jd-contents/Happy/Happy_MID.webm": "https://cdn.glitch.me/c6807563-9703-4452-bd7b-b06e822ec772/Happy_MID.webm", "jmcs://jd-contents/Happy/Happy_LOW.webm": "https://cdn.glitch.me/c6807563-9703-4452-bd7b-b06e822ec772/Happy_LOW.webm", "jmcs://jd-contents/Happy/Happy_HIGH.webm": "https://cdn.glitch.me/c6807563-9703-4452-bd7b-b06e822ec772/Happy_HIGH.webm", "jmcs://jd-contents/Happy/Happy.ogg": "https://cdn.glitch.me/c6807563-9703-4452-bd7b-b06e822ec772/Happy.ogg"}}