{"__class": "ContentAuthorizationEntry", "duration": 300000, "changelist": 300, "urls": {"jmcs://jd-contents/Havana/Havana_ULTRA.webm": "https://cdn.glitch.me/a26ba0ac-032e-4eda-a9f6-6db88289ff87%2FHavana_ULTRA.webm?v=1616012774608", "jmcs://jd-contents/Havana/Havana_HIGH.webm": "https://cdn.glitch.me/a26ba0ac-032e-4eda-a9f6-6db88289ff87%2FHavana_HIGH.webm?v=1616012025879", "jmcs://jd-contents/Havana/Havana_MID.webm": "https://cdn.glitch.me/a26ba0ac-032e-4eda-a9f6-6db88289ff87%2FHavana_MID.webm?v=1616011511265", "jmcs://jd-contents/Havana/Havana_LOW.webm": "https://cdn.glitch.me/a26ba0ac-032e-4eda-a9f6-6db88289ff87%2FHavana_LOW.webm?v=1616011117108", "jmcs://jd-contents/Havana/Havana.ogg": "https://cdn.glitch.me/a26ba0ac-032e-4eda-a9f6-6db88289ff87%2FHavana.ogg?v=1616010921559"}}