{"__class": "ContentAuthorizationEntry", "duration": 300, "changelist": 564656, "urls": {"jmcs://jd-contents/HeadAndHeart/HeadAndHeart_ULTRA.webm": "https://cdn.glitch.me/c6807563-9703-4452-bd7b-b06e822ec772/HeadAndHeart_ULTRA.webm", "jmcs://jd-contents/HeadAndHeart/HeadAndHeart_MID.webm": "https://cdn.glitch.me/c6807563-9703-4452-bd7b-b06e822ec772/HeadAndHeart_MID.webm", "jmcs://jd-contents/HeadAndHeart/HeadAndHeart_LOW.webm": "https://cdn.glitch.me/c6807563-9703-4452-bd7b-b06e822ec772/HeadAndHeart_LOW.webm", "jmcs://jd-contents/HeadAndHeart/HeadAndHeart_HIGH.webm": "https://cdn.glitch.me/c6807563-9703-4452-bd7b-b06e822ec772/HeadAndHeart_ULTRA.webm", "jmcs://jd-contents/HeadAndHeart/HeadAndHeart.ogg": "https://cdn.glitch.me/c6807563-9703-4452-bd7b-b06e822ec772/HeadAndHeart.ogg"}}