{"__class": "ContentAuthorizationEntry", "duration": 300, "changelist": 280634, "urls": {"jmcs://jd-contents/HeartOfGlass/HeartOfGlass_ULTRA.webm": "https://cdn.glitch.me/26b2e809-f8db-4bc6-8ead-d4c3efa970f2/HeartOfGlass_ULTRA.webm", "jmcs://jd-contents/HeartOfGlass/HeartOfGlass_MID.webm": "https://cdn.glitch.me/26b2e809-f8db-4bc6-8ead-d4c3efa970f2/HeartOfGlass_MID.webm", "jmcs://jd-contents/HeartOfGlass/HeartOfGlass_LOW.webm": "https://cdn.glitch.me/26b2e809-f8db-4bc6-8ead-d4c3efa970f2/HeartOfGlass_LOW.webm", "jmcs://jd-contents/HeartOfGlass/HeartOfGlass_HIGH.webm": "https://cdn.glitch.me/26b2e809-f8db-4bc6-8ead-d4c3efa970f2/HeartOfGlass_HIGH.webm", "jmcs://jd-contents/HeartOfGlass/HeartOfGlass.ogg": "https://cdn.glitch.me/26b2e809-f8db-4bc6-8ead-d4c3efa970f2/HeartOfGlass.ogg"}}