{"__class": "ContentAuthorizationEntry", "duration": 300, "changelist": 466919, "urls": {"jmcs://jd-contents/Heartbeat/Heartbeat_ULTRA.webm": "https://cdn.glitch.me/da420b31-7737-45a1-b1e4-809473a2fcd0%2FHeartbeat_ULTRA.webm?v=1612636622873", "jmcs://jd-contents/Heartbeat/Heartbeat_MID.webm": "https://cdn.glitch.me/da420b31-7737-45a1-b1e4-809473a2fcd0%2FHeartbeat_MID.webm?v=1612636460855", "jmcs://jd-contents/Heartbeat/Heartbeat_LOW.webm": "https://cdn.glitch.me/da420b31-7737-45a1-b1e4-809473a2fcd0%2FHeartbeat_LOW.webm?v=1612636408925", "jmcs://jd-contents/Heartbeat/Heartbeat_HIGH.webm": "https://cdn.glitch.me/da420b31-7737-45a1-b1e4-809473a2fcd0%2FHeartbeat_HIGH.webm?v=1612636519868", "jmcs://jd-contents/Heartbeat/Heartbeat.ogg": "https://cdn.glitch.me/da420b31-7737-45a1-b1e4-809473a2fcd0%2FHeartbeat.ogg?v=1612636384899"}}