{"__class": "ContentAuthorizationEntry", "duration": 300, "changelist": 544216, "urls": {"jmcs://jd-contents/HeavyCross/HeavyCross_ULTRA.webm": "https://cdn.glitch.me/5f723157-3676-4102-a72b-6acbaa1c7923%2FHeavyCross_ULTRA.webm", "jmcs://jd-contents/HeavyCross/HeavyCross_ULTRA.hd.webm": "https://cdn.glitch.me/5f723157-3676-4102-a72b-6acbaa1c7923%2FHeavyCross_ULTRA.hd.webm", "jmcs://jd-contents/HeavyCross/HeavyCross_MID.webm": "https://cdn.glitch.me/5f723157-3676-4102-a72b-6acbaa1c7923%2FHeavyCross_MID.webm", "jmcs://jd-contents/HeavyCross/HeavyCross_MID.hd.webm": "https://cdn.glitch.me/5f723157-3676-4102-a72b-6acbaa1c7923%2FHeavyCross_MID.hd.webm", "jmcs://jd-contents/HeavyCross/HeavyCross_LOW.webm": "https://cdn.glitch.me/5f723157-3676-4102-a72b-6acbaa1c7923%2FHeavyCross_LOW.webm", "jmcs://jd-contents/HeavyCross/HeavyCross_LOW.hd.webm": "https://cdn.glitch.me/5f723157-3676-4102-a72b-6acbaa1c7923%2FHeavyCross_LOW.hd.webm", "jmcs://jd-contents/HeavyCross/HeavyCross_HIGH.webm": "https://cdn.glitch.me/5f723157-3676-4102-a72b-6acbaa1c7923%2FHeavyCross_HIGH.webm", "jmcs://jd-contents/HeavyCross/HeavyCross_HIGH.hd.webm": "https://cdn.glitch.me/5f723157-3676-4102-a72b-6acbaa1c7923%2FHeavyCross_HIGH.hd.webm", "jmcs://jd-contents/HeavyCross/HeavyCross.ogg": "https://cdn.glitch.me/5f723157-3676-4102-a72b-6acbaa1c7923%2FHeavyCross.ogg"}}