{"__class": "ContentAuthorizationEntry", "duration": 300, "changelist": 466919, "urls": {"jmcs://jd-contents/HeyMama/HeyMama_ULTRA.webm": "https://cdn.glitch.me/da420b31-7737-45a1-b1e4-809473a2fcd0%2FHeyMama_ULTRA.webm?v=1613229542382", "jmcs://jd-contents/HeyMama/HeyMama_MID.webm": "https://cdn.glitch.me/da420b31-7737-45a1-b1e4-809473a2fcd0%2FHeyMama_MID.webm?v=1613229270962", "jmcs://jd-contents/HeyMama/HeyMama_LOW.webm": "https://cdn.glitch.me/da420b31-7737-45a1-b1e4-809473a2fcd0%2FHeyMama_LOW.webm?v=1613229148269", "jmcs://jd-contents/HeyMama/HeyMama_HIGH.webm": "https://cdn.glitch.me/da420b31-7737-45a1-b1e4-809473a2fcd0%2FHeyMama_HIGH.webm?v=1613229293975", "jmcs://jd-contents/HeyMama/HeyMama.ogg": "https://cdn.glitch.me/da420b31-7737-45a1-b1e4-809473a2fcd0%2FHeyMama.ogg?v=1613229148269"}}