{"__class": "ContentAuthorizationEntry", "duration": 300, "changelist": 564656, "urls": {"jmcs://jd-contents/HeyYa/HeyYa_ULTRA.webm": "https://cdn.glitch.me/c6807563-9703-4452-bd7b-b06e822ec772/HeyYa_ULTRA.webm", "jmcs://jd-contents/HeyYa/HeyYa_MID.webm": "https://cdn.glitch.me/c6807563-9703-4452-bd7b-b06e822ec772/HeyYa_MID.webm", "jmcs://jd-contents/HeyYa/HeyYa_LOW.webm": "https://cdn.glitch.me/c6807563-9703-4452-bd7b-b06e822ec772/HeyYa_LOW.webm", "jmcs://jd-contents/HeyYa/HeyYa_HIGH.webm": "https://cdn.glitch.me/c6807563-9703-4452-bd7b-b06e822ec772/HeyYa_HIGH.webm", "jmcs://jd-contents/HeyYa/HeyYa.ogg": "https://cdn.glitch.me/c6807563-9703-4452-bd7b-b06e822ec772/HeyYa.ogg"}}