{"__class": "ContentAuthorizationEntry", "duration": 300, "changelist": 466919, "urls": {"jmcs://jd-contents/HitTheRoadALT/HitTheRoadALT_ULTRA.webm": "https://cdn.glitch.me/da420b31-7737-45a1-b1e4-809473a2fcd0%2FHitTheRoadALT_ULTRA.webm?v=1612637015428", "jmcs://jd-contents/HitTheRoadALT/HitTheRoadALT_MID.webm": "https://cdn.glitch.me/da420b31-7737-45a1-b1e4-809473a2fcd0%2FHitTheRoadALT_MID.webm?v=1612636916855", "jmcs://jd-contents/HitTheRoadALT/HitTheRoadALT_LOW.webm": "https://cdn.glitch.me/da420b31-7737-45a1-b1e4-809473a2fcd0%2FHitTheRoadALT_LOW.webm?v=1612636878878", "jmcs://jd-contents/HitTheRoadALT/HitTheRoadALT_HIGH.webm": "https://cdn.glitch.me/da420b31-7737-45a1-b1e4-809473a2fcd0%2FHitTheRoadALT_HIGH.webm?v=1612636922907", "jmcs://jd-contents/HitTheRoadALT/HitTheRoadALT.ogg": "https://cdn.glitch.me/da420b31-7737-45a1-b1e4-809473a2fcd0%2FHitTheRoadALT.ogg?v=1612636864866"}}