{"__class": "ContentAuthorizationEntry", "duration": 300, "changelist": 564656, "urls": {"jmcs://jd-contents/HoldMyHand/HoldMyHand_ULTRA.webm": "https://cdn.glitch.me/c6807563-9703-4452-bd7b-b06e822ec772/HoldMyHand_ULTRA.webm", "jmcs://jd-contents/HoldMyHand/HoldMyHand_MID.webm": "https://cdn.glitch.me/c6807563-9703-4452-bd7b-b06e822ec772/HoldMyHand_MID.webm", "jmcs://jd-contents/HoldMyHand/HoldMyHand_LOW.webm": "https://cdn.glitch.me/c6807563-9703-4452-bd7b-b06e822ec772/HoldMyHand_LOW.webm", "jmcs://jd-contents/HoldMyHand/HoldMyHand_HIGH.webm": "https://cdn.glitch.me/c6807563-9703-4452-bd7b-b06e822ec772/HoldMyHand_HIGH.webm", "jmcs://jd-contents/HoldMyHand/HoldMyHand.ogg": "https://cdn.glitch.me/c6807563-9703-4452-bd7b-b06e822ec772/HoldMyHand.ogg"}}