{"__class": "ContentAuthorizationEntry", "duration": 300, "changelist": 564656, "urls": {"jmcs://jd-contents/Holiday/Holiday_ULTRA.webm": "https://cdn.glitch.me/c6807563-9703-4452-bd7b-b06e822ec772/Holiday_ULTRA.webm", "jmcs://jd-contents/Holiday/Holiday_MID.webm": "https://cdn.glitch.me/c6807563-9703-4452-bd7b-b06e822ec772/Holiday_MID.webm", "jmcs://jd-contents/Holiday/Holiday_LOW.webm": "https://cdn.glitch.me/c6807563-9703-4452-bd7b-b06e822ec772/Holiday_LOW.webm", "jmcs://jd-contents/Holiday/Holiday_HIGH.webm": "https://cdn.glitch.me/c6807563-9703-4452-bd7b-b06e822ec772/Holiday_HIGH.webm", "jmcs://jd-contents/Holiday/Holiday.ogg": "https://cdn.glitch.me/c6807563-9703-4452-bd7b-b06e822ec772/Holiday.ogg"}}