{"__class": "ContentAuthorizationEntry", "duration": 300, "changelist": 480634, "urls": {"jmcs://jd-contents/HowDeep/HowDeep_ULTRA.webm": "https://cdn.glitch.me/987fcfcc-18ca-4bb2-8005-77d9754b14a6%2FHowDeep_ULTRA.webm", "jmcs://jd-contents/HowDeep/HowDeep_MID.webm": "https://cdn.glitch.me/987fcfcc-18ca-4bb2-8005-77d9754b14a6%2FHowDeep_MID.webm", "jmcs://jd-contents/HowDeep/HowDeep_LOW.webm": "https://cdn.glitch.me/987fcfcc-18ca-4bb2-8005-77d9754b14a6%2FHowDeep_LOW.webm", "jmcs://jd-contents/HowDeep/HowDeep_HIGH.webm": "https://cdn.glitch.me/987fcfcc-18ca-4bb2-8005-77d9754b14a6%2FHowDeep_HIGH.webm", "jmcs://jd-contents/HowDeep/HowDeep.ogg": "https://cdn.glitch.me/987fcfcc-18ca-4bb2-8005-77d9754b14a6%2FHowDeep.ogg"}}