{"__class": "ContentAuthorizationEntry", "duration": 300, "changelist": 564656, "urls": {"jmcs://jd-contents/HungarianDance/HungarianDance_ULTRA.webm": "https://cdn.glitch.me/c6807563-9703-4452-bd7b-b06e822ec772/HungarianDance_ULTRA.webm", "jmcs://jd-contents/HungarianDance/HungarianDance_MID.webm": "https://cdn.glitch.me/c6807563-9703-4452-bd7b-b06e822ec772/HungarianDance_MID.webm", "jmcs://jd-contents/HungarianDance/HungarianDance_LOW.webm": "https://cdn.glitch.me/c6807563-9703-4452-bd7b-b06e822ec772/HungarianDance_LOW.webm", "jmcs://jd-contents/HungarianDance/HungarianDance_HIGH.webm": "https://cdn.glitch.me/c6807563-9703-4452-bd7b-b06e822ec772/HungarianDance_HIGH.webm", "jmcs://jd-contents/HungarianDance/HungarianDance.ogg": "https://cdn.glitch.me/c6807563-9703-4452-bd7b-b06e822ec772/HungarianDance.ogg"}}