{"__class": "ContentAuthorizationEntry", "duration": 300, "changelist": 535312, "urls": {"jmcs://jd-contents/IAmTheBestALT/IAmTheBestALT_ULTRA.webm": "https://cdn.glitch.me/985cf90c-5f1b-4e8e-8d50-a623651a4b4b%2FIAmTheBestALT_ULTRA.webm?v=1611140412672", "jmcs://jd-contents/IAmTheBestALT/IAmTheBestALT_HIGH.webm": "https://cdn.glitch.me/985cf90c-5f1b-4e8e-8d50-a623651a4b4b%2FIAmTheBestALT_HIGH.webm?v=1611140392925", "jmcs://jd-contents/IAmTheBestALT/IAmTheBestALT_MID.webm": "https://cdn.glitch.me/985cf90c-5f1b-4e8e-8d50-a623651a4b4b%2FIAmTheBestALT_MID.webm?v=1611140358933", "jmcs://jd-contents/IAmTheBestALT/IAmTheBestALT_LOW.webm": "https://cdn.glitch.me/985cf90c-5f1b-4e8e-8d50-a623651a4b4b%2FIAmTheBestALT_LOW.webm?v=1611140351326", "jmcs://jd-contents/IAmTheBestALT/IAmTheBestALT.ogg": "https://cdn.glitch.me/985cf90c-5f1b-4e8e-8d50-a623651a4b4b%2FIAmTheBestALT.ogg?v=1611140371106"}}