{"__class": "ContentAuthorizationEntry", "duration": 300, "changelist": 535312, "urls": {"jmcs://jd-contents/IAmTheBest/IAmTheBest_ULTRA.webm": "https://cdn.glitch.me/c79885f9-42cc-4227-bcc7-ca8ae201a613%2FIAmTheBest_ULTRA.webm?v=1611756770255", "jmcs://jd-contents/IAmTheBest/IAmTheBest_MID.webm": "https://cdn.glitch.me/c79885f9-42cc-4227-bcc7-ca8ae201a613%2FIAmTheBest_MID.webm?v=1611755857289", "jmcs://jd-contents/IAmTheBest/IAmTheBest_LOW.webm": "https://cdn.glitch.me/c79885f9-42cc-4227-bcc7-ca8ae201a613%2FIAmTheBest_LOW.webm?v=1611754801845", "jmcs://jd-contents/IAmTheBest/IAmTheBest_HIGH.webm": "https://cdn.glitch.me/c79885f9-42cc-4227-bcc7-ca8ae201a613%2FIAmTheBest_HIGH.webm?v=1611755202806", "jmcs://jd-contents/IAmTheBest/IAmTheBest.ogg": "https://cdn.glitch.me/9f987805-51e9-400c-88d2-cba974ed2d57%2FIAmTheBest_audio.ogg?v=1611761633036"}}