{"__class": "ContentAuthorizationEntry", "duration": 300, "changelist": 564656, "urls": {"jmcs://jd-contents/Idealistic/Idealistic_ULTRA.webm": "https://cdn.glitch.me/c6807563-9703-4452-bd7b-b06e822ec772/Idealistic_ULTRA.webm", "jmcs://jd-contents/Idealistic/Idealistic_MID.webm": "https://cdn.glitch.me/c6807563-9703-4452-bd7b-b06e822ec772/Idealistic_MID.webm", "jmcs://jd-contents/Idealistic/Idealistic_LOW.webm": "https://cdn.glitch.me/c6807563-9703-4452-bd7b-b06e822ec772/Idealistic_LOW.webm", "jmcs://jd-contents/Idealistic/Idealistic_HIGH.webm": "https://cdn.glitch.me/c6807563-9703-4452-bd7b-b06e822ec772/Idealistic_HIGH.webm", "jmcs://jd-contents/Idealistic/Idealistic.ogg": "https://cdn.glitch.me/c6807563-9703-4452-bd7b-b06e822ec772/Idealistic.ogg"}}