{"__class": "ContentAuthorizationEntry", "duration": 300000, "changelist": 300, "urls": {"jmcs://jd-contents/IDontCare/IDontCare_ULTRA.webm": "https://cdn.glitch.me/253949fc-b561-4250-aa5b-b32da09824d2%2FIDontCare_ULTRA.webm?v=1615646490822", "jmcs://jd-contents/IDontCare/IDontCare_HIGH.webm": "https://cdn.glitch.me/253949fc-b561-4250-aa5b-b32da09824d2%2FIDontCare_HIGH.webm?v=1615646423975", "jmcs://jd-contents/IDontCare/IDontCare_MID.webm": "https://cdn.glitch.me/253949fc-b561-4250-aa5b-b32da09824d2%2FIDontCare_MID.webm?v=1615646333850", "jmcs://jd-contents/IDontCare/IDontCare_LOW.webm": "https://cdn.glitch.me/253949fc-b561-4250-aa5b-b32da09824d2%2FIDontCare_LOW.webm?v=1615646318038", "jmcs://jd-contents/IDontCare/IDontCare.ogg": "https://cdn.glitch.me/253949fc-b561-4250-aa5b-b32da09824d2%2FIDontCare.ogg?v=1615646332312"}}