{"__class": "ContentAuthorizationEntry", "duration": 300, "changelist": 564656, "urls": {"jmcs://jd-contents/IFeelLove/IFeelLove_ULTRA.webm": "https://cdn.glitch.me/c6807563-9703-4452-bd7b-b06e822ec772/IFeelLove_ULTRA.webm", "jmcs://jd-contents/IFeelLove/IFeelLove_MID.webm": "https://cdn.glitch.me/c6807563-9703-4452-bd7b-b06e822ec772/IFeelLove_MID.webm", "jmcs://jd-contents/IFeelLove/IFeelLove_LOW.webm": "https://cdn.glitch.me/c6807563-9703-4452-bd7b-b06e822ec772/IFeelLove_LOW.webm", "jmcs://jd-contents/IFeelLove/IFeelLove_HIGH.webm": "https://cdn.glitch.me/c6807563-9703-4452-bd7b-b06e822ec772/IFeelLove_HIGH.webm", "jmcs://jd-contents/IFeelLove/IFeelLove.ogg": "https://cdn.glitch.me/c6807563-9703-4452-bd7b-b06e822ec772/IFeelLove.ogg"}}