{"__class": "ContentAuthorizationEntry", "duration": 300, "changelist": 480634, "urls": {"jmcs://jd-contents/IGotAFeelingCMU/IGotAFeelingCMU_ULTRA.webm": "https://cdn.glitch.me/f2501b94-ff89-4784-84e4-c6499f81f09e/IGotAFeelingCMU_ULTRA.webm?v=1639459088300", "jmcs://jd-contents/IGotAFeelingCMU/IGotAFeelingCMU_MID.webm": "https://cdn.glitch.me/f2501b94-ff89-4784-84e4-c6499f81f09e/IGotAFeelingCMU_MID.webm?v=1639459078520", "jmcs://jd-contents/IGotAFeelingCMU/IGotAFeelingCMU_LOW.webm": "https://cdn.glitch.me/f2501b94-ff89-4784-84e4-c6499f81f09e/IGotAFeelingCMU_LOW.webm?v=1639459046943", "jmcs://jd-contents/IGotAFeelingCMU/IGotAFeelingCMU_HIGH.webm": "https://cdn.glitch.me/f2501b94-ff89-4784-84e4-c6499f81f09e/IGotAFeelingCMU_ULTRA.webm?v=1639459088300", "jmcs://jd-contents/IGotAFeelingCMU/IGotAFeelingCMU.ogg": "https://cdn.glitch.me/f2501b94-ff89-4784-84e4-c6499f81f09e/IGotAFeelingCMU.ogg?v=1639458296261"}}