{"__class": "ContentAuthorizationEntry", "duration": 300, "changelist": 480634, "urls": {"jmcs://jd-contents/IGotYou/IGotYou_ULTRA.webm": "https://cdn.glitch.me/987fcfcc-18ca-4bb2-8005-77d9754b14a6/IGotYou_ULTRA.webm", "jmcs://jd-contents/IGotYou/IGotYou_MID.webm": "https://cdn.glitch.me/987fcfcc-18ca-4bb2-8005-77d9754b14a6/IGotYou_MID.webm", "jmcs://jd-contents/IGotYou/IGotYou_LOW.webm": "https://cdn.glitch.me/987fcfcc-18ca-4bb2-8005-77d9754b14a6/IGotYou_LOW.webm", "jmcs://jd-contents/IGotYou/IGotYou_HIGH.webm": "https://cdn.glitch.me/987fcfcc-18ca-4bb2-8005-77d9754b14a6/IGotYou_HIGH.webm", "jmcs://jd-contents/IGotYou/IGotYou.ogg": "https://cdn.glitch.me/987fcfcc-18ca-4bb2-8005-77d9754b14a6/IGotYou.ogg"}}