{"__class": "ContentAuthorizationEntry", "duration": 300, "changelist": 280634, "urls": {"jmcs://jd-contents/IGotAFeeling/IGotAFeeling_ULTRA.webm": "https://cdn.glitch.me/b3bcdfde-7448-45cf-9f2b-1ded9485a4f0%2FIGotAFeeling_high.webm?v=1612991844300", "jmcs://jd-contents/IGotAFeeling/IGotAFeeling_MID.webm": "https://cdn.glitch.me/b3bcdfde-7448-45cf-9f2b-1ded9485a4f0%2FIGotAFeeling_mid.webm?v=1612991808637", "jmcs://jd-contents/IGotAFeeling/IGotAFeeling_LOW.webm": "https://cdn.glitch.me/b3bcdfde-7448-45cf-9f2b-1ded9485a4f0%2FIGotAFeeling_low.webm?v=1612991769548", "jmcs://jd-contents/IGotAFeeling/IGotAFeeling_HIGH.webm": "https://cdn.glitch.me/b3bcdfde-7448-45cf-9f2b-1ded9485a4f0%2FIGotAFeeling_high.webm?v=1612991844300", "jmcs://jd-contents/IGotAFeeling/IGotAFeeling.ogg": "https://cdn.glitch.me/b3bcdfde-7448-45cf-9f2b-1ded9485a4f0%2FIGotAFeeling.ogg?v=1612991756390"}}