{"__class": "ContentAuthorizationEntry", "duration": 300, "changelist": 480634, "urls": {"jmcs://jd-contents/IKissedSWT/IKissedSWT_ULTRA.webm": "https://cdn.glitch.me/987fcfcc-18ca-4bb2-8005-77d9754b14a6%2FIKissedSWT_ULTRA.webm", "jmcs://jd-contents/IKissedSWT/IKissedSWT_MID.webm": "https://cdn.glitch.me/987fcfcc-18ca-4bb2-8005-77d9754b14a6%2FIKissedSWT_MID.webm", "jmcs://jd-contents/IKissedSWT/IKissedSWT_LOW.webm": "https://cdn.glitch.me/987fcfcc-18ca-4bb2-8005-77d9754b14a6%2FIKissedSWT_LOW.webm", "jmcs://jd-contents/IKissedSWT/IKissedSWT_HIGH.webm": "https://cdn.glitch.me/987fcfcc-18ca-4bb2-8005-77d9754b14a6%2FIKissedSWT_HIGH.webm", "jmcs://jd-contents/IKissedSWT/IKissedSWT.ogg": "https://cdn.glitch.me/987fcfcc-18ca-4bb2-8005-77d9754b14a6%2FIKissedSWT.ogg"}}