{"__class": "ContentAuthorizationEntry", "duration": 300, "changelist": 480634, "urls": {"jmcs://jd-contents/IKissed/IKissed_ULTRA.webm": "https://cdn.glitch.me/987fcfcc-18ca-4bb2-8005-77d9754b14a6%2FIKissed_ULTRA.webm", "jmcs://jd-contents/IKissed/IKissed_MID.webm": "https://cdn.glitch.me/987fcfcc-18ca-4bb2-8005-77d9754b14a6%2FIKissed_MID.webm", "jmcs://jd-contents/IKissed/IKissed_LOW.webm": "https://cdn.glitch.me/987fcfcc-18ca-4bb2-8005-77d9754b14a6%2FIKissed_LOW.webm", "jmcs://jd-contents/IKissed/IKissed_HIGH.webm": "https://cdn.glitch.me/987fcfcc-18ca-4bb2-8005-77d9754b14a6%2FIKissed_HIGH.webm", "jmcs://jd-contents/IKissed/IKissed.ogg": "https://cdn.glitch.me/987fcfcc-18ca-4bb2-8005-77d9754b14a6%2FIKissed.ogg"}}