{"__class": "ContentAuthorizationEntry", "duration": 300, "changelist": 480634, "urls": {"jmcs://jd-contents/Imya505/Imya505_ULTRA.webm": "https://cdn.glitch.me/987fcfcc-18ca-4bb2-8005-77d9754b14a6%2FImya505_ULTRA.webm", "jmcs://jd-contents/Imya505/Imya505_MID.webm": "https://cdn.glitch.me/987fcfcc-18ca-4bb2-8005-77d9754b14a6%2FImya505_MID.webm", "jmcs://jd-contents/Imya505/Imya505_LOW.webm": "https://cdn.glitch.me/987fcfcc-18ca-4bb2-8005-77d9754b14a6%2FImya505_LOW.webm", "jmcs://jd-contents/Imya505/Imya505_HIGH.webm": "https://cdn.glitch.me/987fcfcc-18ca-4bb2-8005-77d9754b14a6%2FImya505_HIGH.webm", "jmcs://jd-contents/Imya505/Imya505.ogg": "https://cdn.glitch.me/987fcfcc-18ca-4bb2-8005-77d9754b14a6%2FImya505.ogg"}}