{"__class": "ContentAuthorizationEntry", "duration": 300, "changelist": 466919, "urls": {"jmcs://jd-contents/IndepedentWoman/IndepedentWoman_ULTRA.webm": "https://cdn.glitch.me/987fcfcc-18ca-4bb2-8005-77d9754b14a6/IndepedentWoman_ULTRA.webm", "jmcs://jd-contents/IndepedentWoman/IndepedentWoman_MID.webm": "https://cdn.glitch.me/987fcfcc-18ca-4bb2-8005-77d9754b14a6/IndepedentWoman_MID.webm", "jmcs://jd-contents/IndepedentWoman/IndepedentWoman_LOW.webm": "https://cdn.glitch.me/987fcfcc-18ca-4bb2-8005-77d9754b14a6/IndepedentWoman_LOW.webm", "jmcs://jd-contents/IndepedentWoman/IndepedentWoman_HIGH.webm": "https://cdn.glitch.me/987fcfcc-18ca-4bb2-8005-77d9754b14a6/IndepedentWoman_HIGH.webm", "jmcs://jd-contents/IndepedentWoman/IndepedentWoman.ogg": "https://cdn.glitch.me/987fcfcc-18ca-4bb2-8005-77d9754b14a6/IndepedentWoman.ogg"}}