{"__class": "ContentAuthorizationEntry", "duration": 300000, "changelist": 300, "urls": {"jmcs://jd-contents/IndiaWaale/IndiaWaale_ULTRA.webm": "https://cdn.glitch.me/985cf90c-5f1b-4e8e-8d50-a623651a4b4b%2FIndiaWaaleDLC_ULTRA.webm?v=1612883140178", "jmcs://jd-contents/IndiaWaale/IndiaWaale_HIGH.webm": "https://cdn.glitch.me/985cf90c-5f1b-4e8e-8d50-a623651a4b4b%2FIndiaWaaleDLC_HIGH.webm?v=1612883149936", "jmcs://jd-contents/IndiaWaale/IndiaWaale_MID.webm": "https://cdn.glitch.me/985cf90c-5f1b-4e8e-8d50-a623651a4b4b%2FIndiaWaaleDLC_MID.webm?v=1612883130327", "jmcs://jd-contents/IndiaWaale/IndiaWaale_LOW.webm": "https://cdn.glitch.me/985cf90c-5f1b-4e8e-8d50-a623651a4b4b%2FIndiaWaaleDLC_LOW.webm?v=1612883111921", "jmcs://jd-contents/IndiaWaale/IndiaWaale.ogg": "https://cdn.glitch.me/985cf90c-5f1b-4e8e-8d50-a623651a4b4b%2FIndiaWaaleDLC.ogg?v=1612875595713"}}