{"__class": "ContentAuthorizationEntry", "duration": 300, "changelist": 480634, "urls": {"jmcs://jd-contents/INeedYourLoveDLC/INeedYourLoveDLC_ULTRA.webm": "https://cdn.glitch.me/987fcfcc-18ca-4bb2-8005-77d9754b14a6%2FINeedYourLoveDLC_ULTRA.webm", "jmcs://jd-contents/INeedYourLoveDLC/INeedYourLoveDLC_MID.webm": "https://cdn.glitch.me/987fcfcc-18ca-4bb2-8005-77d9754b14a6%2FINeedYourLoveDLC_MID.webm", "jmcs://jd-contents/INeedYourLoveDLC/INeedYourLoveDLC_LOW.webm": "https://cdn.glitch.me/987fcfcc-18ca-4bb2-8005-77d9754b14a6%2FINeedYourLoveDLC_LOW.webm", "jmcs://jd-contents/INeedYourLoveDLC/INeedYourLoveDLC_HIGH.webm": "https://cdn.glitch.me/987fcfcc-18ca-4bb2-8005-77d9754b14a6%2FINeedYourLoveDLC_HIGH.webm", "jmcs://jd-contents/INeedYourLoveDLC/INeedYourLoveDLC.ogg": "https://cdn.glitch.me/987fcfcc-18ca-4bb2-8005-77d9754b14a6%2FINeedYourLoveDLC.ogg"}}