{"__class": "ContentAuthorizationEntry", "duration": 300, "changelist": 280634, "urls": {"jmcs://jd-contents/Instruction/Instruction_ULTRA.webm": "https://cdn.glitch.me/922d07fc-235c-4006-a1d2-cdae305c9fb6%2FInstruction_ULTRA.webm?v=1608661430468", "jmcs://jd-contents/Instruction/Instruction_MID.webm": "https://cdn.glitch.me/922d07fc-235c-4006-a1d2-cdae305c9fb6%2FInstruction_MID.webm?v=1608661279496", "jmcs://jd-contents/Instruction/Instruction_LOW.webm": "https://cdn.glitch.me/922d07fc-235c-4006-a1d2-cdae305c9fb6%2FInstruction_LOW.webm?v=1608661241456", "jmcs://jd-contents/Instruction/Instruction_HIGH.webm": "https://cdn.glitch.me/922d07fc-235c-4006-a1d2-cdae305c9fb6%2FInstruction_HIGH.webm?v=1608661939466", "jmcs://jd-contents/Instruction/Instruction.ogg": "https://cdn.glitch.me/922d07fc-235c-4006-a1d2-cdae305c9fb6%2FInstruction.ogg?v=1608661226467"}}