{"__class": "ContentAuthorizationEntry", "duration": 300, "changelist": 564656, "urls": {"jmcs://jd-contents/IntoYouCMU/IntoYouCMUWiiU_ULTRA.webm": "https://cdn.glitch.me/c6807563-9703-4452-bd7b-b06e822ec772/IntoYouCMU_ULTRA.webm", "jmcs://jd-contents/IntoYouCMU/IntoYouCMUWiiU_MID.webm": "https://cdn.glitch.me/c6807563-9703-4452-bd7b-b06e822ec772/IntoYouCMU_MID.webm", "jmcs://jd-contents/IntoYouCMU/IntoYouCMUWiiU_LOW.webm": "https://cdn.glitch.me/c6807563-9703-4452-bd7b-b06e822ec772/IntoYouCMU_LOW.webm", "jmcs://jd-contents/IntoYouCMU/IntoYouCMUWiiU_HIGH.webm": "https://cdn.glitch.me/c6807563-9703-4452-bd7b-b06e822ec772/IntoYouCMU_HIGH.webm", "jmcs://jd-contents/IntoYouCMU/IntoYouCMU.ogg": "https://cdn.glitch.me/c6807563-9703-4452-bd7b-b06e822ec772/IntoYouCMU.ogg"}}