{"__class": "ContentAuthorizationEntry", "duration": 300, "changelist": 564656, "urls": {"jmcs://jd-contents/Intoxicated/Intoxicated_ULTRA.webm": "https://cdn.glitch.me/c6807563-9703-4452-bd7b-b06e822ec772/Intoxicated_ULTRA.webm", "jmcs://jd-contents/Intoxicated/Intoxicated_MID.webm": "https://cdn.glitch.me/c6807563-9703-4452-bd7b-b06e822ec772/Intoxicated_MID.webm", "jmcs://jd-contents/Intoxicated/Intoxicated_LOW.webm": "https://cdn.glitch.me/c6807563-9703-4452-bd7b-b06e822ec772/Intoxicated_LOW.webm", "jmcs://jd-contents/Intoxicated/Intoxicated_HIGH.webm": "https://cdn.glitch.me/c6807563-9703-4452-bd7b-b06e822ec772/Intoxicated_ULTRA.webm", "jmcs://jd-contents/Intoxicated/Intoxicated.ogg": "https://cdn.glitch.me/c6807563-9703-4452-bd7b-b06e822ec772/Intoxicated.ogg"}}