{"__class": "ContentAuthorizationEntry", "duration": 300, "changelist": 480634, "urls": {"jmcs://jd-contents/ItsYouSWT/ItsYouSWT_ULTRA.webm": "https://cdn.glitch.me/987fcfcc-18ca-4bb2-8005-77d9754b14a6%2FItsYouSWT_ULTRA.webm", "jmcs://jd-contents/ItsYouSWT/ItsYouSWT_MID.webm": "https://cdn.glitch.me/987fcfcc-18ca-4bb2-8005-77d9754b14a6%2FItsYouSWT_MID.webm", "jmcs://jd-contents/ItsYouSWT/ItsYouSWT_LOW.webm": "https://cdn.glitch.me/987fcfcc-18ca-4bb2-8005-77d9754b14a6%2FItsYouSWT_LOW.webm", "jmcs://jd-contents/ItsYouSWT/ItsYouSWT_HIGH.webm": "https://cdn.glitch.me/987fcfcc-18ca-4bb2-8005-77d9754b14a6%2FItsYouSWT_HIGH.webm", "jmcs://jd-contents/ItsYouSWT/ItsYouSWT.ogg": "https://cdn.glitch.me/987fcfcc-18ca-4bb2-8005-77d9754b14a6%2FItsYouSWT.ogg"}}