{"__class": "ContentAuthorizationEntry", "duration": 300, "changelist": 564656, "urls": {"jmcs://jd-contents/IWantYouBack/IWantYouBack_ULTRA.webm": "https://cdn.glitch.me/c6807563-9703-4452-bd7b-b06e822ec772/IWantYouBack_ULTRA.webm", "jmcs://jd-contents/IWantYouBack/IWantYouBack_MID.webm": "https://cdn.glitch.me/c6807563-9703-4452-bd7b-b06e822ec772/IWantYouBack_MID.webm", "jmcs://jd-contents/IWantYouBack/IWantYouBack_LOW.webm": "https://cdn.glitch.me/c6807563-9703-4452-bd7b-b06e822ec772/IWantYouBack_LOW.webm", "jmcs://jd-contents/IWantYouBack/IWantYouBack_HIGH.webm": "https://cdn.glitch.me/c6807563-9703-4452-bd7b-b06e822ec772/IWantYouBack_HIGH.webm", "jmcs://jd-contents/IWantYouBack/IWantYouBack.ogg": "https://cdn.glitch.me/c6807563-9703-4452-bd7b-b06e822ec772/IWantYouBack.ogg"}}