{"__class": "ContentAuthorizationEntry", "duration": 300, "changelist": 564656, "urls": {"jmcs://jd-contents/IWasMadeQUAT/IWasMadeQUAT_ULTRA.webm": "https://cdn.glitch.me/c6807563-9703-4452-bd7b-b06e822ec772/IWasMadeQUAT_ULTRA.webm", "jmcs://jd-contents/IWasMadeQUAT/IWasMadeQUAT_MID.webm": "https://cdn.glitch.me/c6807563-9703-4452-bd7b-b06e822ec772/IWasMadeQUAT_MID.webm", "jmcs://jd-contents/IWasMadeQUAT/IWasMadeQUAT_LOW.webm": "https://cdn.glitch.me/c6807563-9703-4452-bd7b-b06e822ec772/IWasMadeQUAT_LOW.webm", "jmcs://jd-contents/IWasMadeQUAT/IWasMadeQUAT_HIGH.webm": "https://cdn.glitch.me/c6807563-9703-4452-bd7b-b06e822ec772/IWasMadeQUAT_HIGH.webm", "jmcs://jd-contents/IWasMadeQUAT/IWasMadeQUAT.ogg": "https://cdn.glitch.me/c6807563-9703-4452-bd7b-b06e822ec772/IWasMadeQUAT.ogg"}}