{"__class": "ContentAuthorizationEntry", "duration": 300, "changelist": 480634, "urls": {"jmcs://jd-contents/IWillSurvive/IWillSurvive_ULTRA.webm": "https://cdn.glitch.me/987fcfcc-18ca-4bb2-8005-77d9754b14a6%2FIWillSurvive_ULTRA.webm", "jmcs://jd-contents/IWillSurvive/IWillSurvive_MID.webm": "https://cdn.glitch.me/987fcfcc-18ca-4bb2-8005-77d9754b14a6%2FIWillSurvive_MID.webm", "jmcs://jd-contents/IWillSurvive/IWillSurvive_LOW.webm": "https://cdn.glitch.me/987fcfcc-18ca-4bb2-8005-77d9754b14a6%2FIWillSurvive_LOW.webm", "jmcs://jd-contents/IWillSurvive/IWillSurvive_HIGH.webm": "https://cdn.glitch.me/987fcfcc-18ca-4bb2-8005-77d9754b14a6%2FIWillSurvive_HIGH.webm", "jmcs://jd-contents/IWillSurvive/IWillSurvive.ogg": "https://cdn.glitch.me/987fcfcc-18ca-4bb2-8005-77d9754b14a6%2FIWillSurvive.ogg"}}