{"__class": "ContentAuthorizationEntry", "duration": 300, "changelist": 564656, "urls": {"jmcs://jd-contents/JaiHo/JaiHo_ULTRA.webm": "https://cdn.glitch.me/c6807563-9703-4452-bd7b-b06e822ec772/JaiHo_ULTRA.webm", "jmcs://jd-contents/JaiHo/JaiHo_MID.webm": "https://cdn.glitch.me/c6807563-9703-4452-bd7b-b06e822ec772/JaiHo_MID.webm", "jmcs://jd-contents/JaiHo/JaiHo_LOW.webm": "https://cdn.glitch.me/c6807563-9703-4452-bd7b-b06e822ec772/JaiHo_LOW.webm", "jmcs://jd-contents/JaiHo/JaiHo_HIGH.webm": "https://cdn.glitch.me/c6807563-9703-4452-bd7b-b06e822ec772/JaiHo_HIGH.webm", "jmcs://jd-contents/JaiHo/JaiHo.ogg": "https://cdn.glitch.me/c6807563-9703-4452-bd7b-b06e822ec772/JaiHo.ogg"}}