{"__class": "ContentAuthorizationEntry", "duration": 300, "changelist": 564656, "urls": {"jmcs://jd-contents/JamboMambo/JamboMambo_ULTRA.webm": "https://cdn.glitch.me/c6807563-9703-4452-bd7b-b06e822ec772/JamboMambo_ULTRA.webm", "jmcs://jd-contents/JamboMambo/JamboMambo_MID.webm": "https://cdn.glitch.me/c6807563-9703-4452-bd7b-b06e822ec772/JamboMambo_MID.webm", "jmcs://jd-contents/JamboMambo/JamboMambo_LOW.webm": "https://cdn.glitch.me/c6807563-9703-4452-bd7b-b06e822ec772/JamboMambo_LOW.webm", "jmcs://jd-contents/JamboMambo/JamboMambo_HIGH.webm": "https://cdn.glitch.me/c6807563-9703-4452-bd7b-b06e822ec772/JamboMambo_HIGH.webm", "jmcs://jd-contents/JamboMambo/JamboMambo.ogg": "https://cdn.glitch.me/c6807563-9703-4452-bd7b-b06e822ec772/JamboMambo.ogg"}}