{"__class": "ContentAuthorizationEntry", "duration": 300, "changelist": 569691, "urls": {"jmcs://jd-contents/JDCCoolestEthnic/JDCCoolestEthnic_ULTRA.webm": "https://cdn.glitch.me/409eb501-c172-49b7-a432-95af69d3863f/6ddc2aae28e935657e938f347641fbbf.webm", "jmcs://jd-contents/JDCCoolestEthnic/JDCCoolestEthnic_MID.webm": "https://cdn.glitch.me/409eb501-c172-49b7-a432-95af69d3863f/18fd9be8d9a78aaf00182bb311645bca.webm", "jmcs://jd-contents/JDCCoolestEthnic/JDCCoolestEthnic_LOW.webm": "https://cdn.glitch.me/409eb501-c172-49b7-a432-95af69d3863f/fd26293de706791e5563a2f9d39a4ae6.webm", "jmcs://jd-contents/JDCCoolestEthnic/JDCCoolestEthnic_HIGH.webm": "https://cdn.glitch.me/409eb501-c172-49b7-a432-95af69d3863f/6ddc2aae28e935657e938f347641fbbf.webm", "jmcs://jd-contents/JDCCoolestEthnic/JDCCoolestEthnic.ogg": "https://cdn.glitch.me/409eb501-c172-49b7-a432-95af69d3863f/22352fa622900894ce63f17a0bf68ef7.ogg"}}