{"__class": "ContentAuthorizationEntry", "duration": 300, "changelist": 569579, "urls": {"jmcs://jd-contents/JDCChickChick/JDCChickChick_ULTRA.webm": "https://cdn.glitch.me/985cf90c-5f1b-4e8e-8d50-a623651a4b4b%2FJDCChickChick_ULTRA.webm?v=1612600383308", "jmcs://jd-contents/JDCChickChick/JDCChickChick_MID.webm": "https://cdn.glitch.me/985cf90c-5f1b-4e8e-8d50-a623651a4b4b%2FJDCChickChick_MID.webm?v=1612600335207", "jmcs://jd-contents/JDCChickChick/JDCChickChick_LOW.webm": "https://cdn.glitch.me/985cf90c-5f1b-4e8e-8d50-a623651a4b4b%2FJDCChickChick_LOW.webm?v=1612600327468", "jmcs://jd-contents/JDCChickChick/JDCChickChick_HIGH.webm": "https://cdn.glitch.me/985cf90c-5f1b-4e8e-8d50-a623651a4b4b%2FJDCChickChick_HIGH.webm?v=1612600348546", "jmcs://jd-contents/JDCChickChick/JDCChickChick.ogg": "https://cdn.glitch.me/985cf90c-5f1b-4e8e-8d50-a623651a4b4b%2FJDCChickChick.ogg?v=1612600319732"}}