{"__class": "ContentAuthorizationEntry", "duration": 300, "changelist": 480634, "urls": {"jmcs://jd-contents/JDCGrowl/JDCGrowl_ULTRA.webm": "https://cdn.glitch.me/f70b88ef-b738-4f26-9e12-b57c2d813021/JDCGrowl_ULTRA.webm", "jmcs://jd-contents/JDCGrowl/JDCGrowl_MID.webm": "https://cdn.glitch.me/f70b88ef-b738-4f26-9e12-b57c2d813021/JDCGrowl_MID.webm", "jmcs://jd-contents/JDCGrowl/JDCGrowl_LOW.webm": "https://cdn.glitch.me/f70b88ef-b738-4f26-9e12-b57c2d813021/JDCGrowl_LOW.webm", "jmcs://jd-contents/JDCGrowl/JDCGrowl_HIGH.webm": "https://cdn.glitch.me/f70b88ef-b738-4f26-9e12-b57c2d813021/JDCGrowl_HIGH.webm", "jmcs://jd-contents/JDCGrowl/JDCGrowl.ogg": "https://cdn.glitch.me/987fcfcc-18ca-4bb2-8005-77d9754b14a6/JDCGrowl.ogg"}}