{"__class": "ContentAuthorizationEntry", "duration": 300, "changelist": 535312, "urls": {"jmcs://jd-contents/JDCGee/JDCGee_ULTRA.webm": "https://cdn.glitch.me/f2501b94-ff89-4784-84e4-c6499f81f09e/JDCGee_ULTRA.webm?v=1660244239513", "jmcs://jd-contents/JDCGee/JDCGee_MID.webm": "https://cdn.glitch.me/f2501b94-ff89-4784-84e4-c6499f81f09e/JDCGee_MID.webm?v=1660244221534", "jmcs://jd-contents/JDCGee/JDCGee_LOW.webm": "https://cdn.glitch.me/f2501b94-ff89-4784-84e4-c6499f81f09e/JDCGee_LOW.webm?v=1660244215922", "jmcs://jd-contents/JDCGee/JDCGee_HIGH.webm": "https://cdn.glitch.me/f2501b94-ff89-4784-84e4-c6499f81f09e/JDCGee_HIGH.webm?v=1660244229917", "jmcs://jd-contents/JDCGee/JDCGee.ogg": "https://cdn.glitch.me/f2501b94-ff89-4784-84e4-c6499f81f09e/JDCGee.ogg?v=1660244270559"}}