{"__class": "ContentAuthorizationEntry", "duration": 300, "changelist": 568788, "urls": {"jmcs://jd-contents/JDCKungFuPop/JDCKungFuPop_ULTRA.webm": "https://cdn.glitch.me/253949fc-b561-4250-aa5b-b32da09824d2%2Fclean.jdckungfupop_tv_ULTRA.webm?v=1615086369314", "jmcs://jd-contents/JDCKungFuPop/JDCKungFuPop_MID.webm": "https://cdn.glitch.me/253949fc-b561-4250-aa5b-b32da09824d2%2Fclean.jdckungfupop_tv_MID.webm?v=1615086296711", "jmcs://jd-contents/JDCKungFuPop/JDCKungFuPop_LOW.webm": "https://cdn.glitch.me/253949fc-b561-4250-aa5b-b32da09824d2%2Fclean.jdckungfupop_tv_LOW.webm?v=1615086170433", "jmcs://jd-contents/JDCKungFuPop/JDCKungFuPop_HIGH.webm": "https://cdn.glitch.me/253949fc-b561-4250-aa5b-b32da09824d2%2Fclean.jdckungfupop_tv_HIGH.webm?v=1615086329319", "jmcs://jd-contents/JDCKungFuPop/JDCKungFuPop.ogg": "https://cdn.glitch.me/253949fc-b561-4250-aa5b-b32da09824d2%2Fjdckungfupop_tv.ogg?v=1615086204053"}}