{"__class": "ContentAuthorizationEntry", "duration": 300, "changelist": 480634, "urls": {"jmcs://jd-contents/JerkItOut/JerkItOut_ULTRA.webm": "https://cdn.glitch.me/987fcfcc-18ca-4bb2-8005-77d9754b14a6/Cmon_LOW.webm", "jmcs://jd-contents/JerkItOut/JerkItOut_MID.webm": "https://cdn.glitch.me/987fcfcc-18ca-4bb2-8005-77d9754b14a6/Cmon_LOW.webm", "jmcs://jd-contents/JerkItOut/JerkItOut_LOW.webm": "https://cdn.glitch.me/987fcfcc-18ca-4bb2-8005-77d9754b14a6/Cmon_LOW.webm", "jmcs://jd-contents/JerkItOut/JerkItOut_HIGH.webm": "https://cdn.glitch.me/987fcfcc-18ca-4bb2-8005-77d9754b14a6/Cmon_LOW.webm", "jmcs://jd-contents/JerkItOut/JerkItOut.ogg": "https://cdn.glitch.me/987fcfcc-18ca-4bb2-8005-77d9754b14a6/Cmon.ogg"}}