{"__class": "ContentAuthorizationEntry", "duration": 300, "changelist": 480634, "urls": {"jmcs://jd-contents/JinGoLoBa/JinGoLoBa_ULTRA.webm": "https://cdn.glitch.me/987fcfcc-18ca-4bb2-8005-77d9754b14a6%2FJinGoLoBa_ULTRA.webm", "jmcs://jd-contents/JinGoLoBa/JinGoLoBa_MID.webm": "https://cdn.glitch.me/987fcfcc-18ca-4bb2-8005-77d9754b14a6%2FJinGoLoBa_MID.webm", "jmcs://jd-contents/JinGoLoBa/JinGoLoBa_LOW.webm": "https://cdn.glitch.me/987fcfcc-18ca-4bb2-8005-77d9754b14a6%2FJinGoLoBa_LOW.webm", "jmcs://jd-contents/JinGoLoBa/JinGoLoBa_HIGH.webm": "https://cdn.glitch.me/987fcfcc-18ca-4bb2-8005-77d9754b14a6%2FJinGoLoBa_HIGH.webm", "jmcs://jd-contents/JinGoLoBa/JinGoLoBa.ogg": "https://cdn.glitch.me/987fcfcc-18ca-4bb2-8005-77d9754b14a6%2FJinGoLoBa.ogg"}}