{"__class": "ContentAuthorizationEntry", "duration": 300, "changelist": 544216, "urls": {"jmcs://jd-contents/JohnW/JohnW_ULTRA.webm": "https://cdn.glitch.me/922d07fc-235c-4006-a1d2-cdae305c9fb6%2FJohnW_ULTRA.webm?v=1609330091327", "jmcs://jd-contents/JohnW/JohnW_MID.webm": "https://cdn.glitch.me/922d07fc-235c-4006-a1d2-cdae305c9fb6%2FJohnW_MID.webm?v=1609329931318", "jmcs://jd-contents/JohnW/JohnW_LOW.webm": "https://cdn.glitch.me/922d07fc-235c-4006-a1d2-cdae305c9fb6%2FJohnW_LOW.webm?v=1609329586310", "jmcs://jd-contents/JohnW/JohnW_HIGH.webm": "https://cdn.glitch.me/922d07fc-235c-4006-a1d2-cdae305c9fb6%2FJohnW_HIGH.webm?v=1609329987303", "jmcs://jd-contents/JohnW/JohnW.ogg": "https://cdn.glitch.me/922d07fc-235c-4006-a1d2-cdae305c9fb6%2FJohnW.ogg?v=1609329637319"}}