{"__class": "ContentAuthorizationEntry", "duration": 300, "changelist": 564656, "urls": {"jmcs://jd-contents/Joone/Joone_ULTRA.webm": "https://cdn.glitch.me/c79885f9-42cc-4227-bcc7-ca8ae201a613/clean.Joone_ULTRA.webm", "jmcs://jd-contents/Joone/Joone_MID.webm": "https://cdn.glitch.me/c79885f9-42cc-4227-bcc7-ca8ae201a613/clean.Joone_MID.webm", "jmcs://jd-contents/Joone/Joone_LOW.webm": "https://cdn.glitch.me/c79885f9-42cc-4227-bcc7-ca8ae201a613/clean.Joone_LOW.webm", "jmcs://jd-contents/Joone/Joone_HIGH.webm": "https://cdn.glitch.me/c79885f9-42cc-4227-bcc7-ca8ae201a613/clean.Joone_HIGH.webm", "jmcs://jd-contents/Joone/Joone.ogg": "https://cdn.glitch.me/9f987805-51e9-400c-88d2-cba974ed2d57/Joone_AUDIO.ogg"}}