{"__class": "ContentAuthorizationEntry", "duration": 300, "changelist": 563194, "urls": {"jmcs://jd-contents/JuiceVIP/JuiceVIP_ULTRA.webm": "https://cdn.glitch.me/a105e60c-c9c3-44cf-9cf0-6b9553c1bee4%2Fjuicevipultra.webm?v=1609357940702", "jmcs://jd-contents/JuiceVIP/JuiceVIP_MID.webm": "https://cdn.glitch.me/a105e60c-c9c3-44cf-9cf0-6b9553c1bee4%2Fjuicevipmid..webm?v=1609356590468", "jmcs://jd-contents/JuiceVIP/JuiceVIP_LOW.webm": "https://cdn.glitch.me/a105e60c-c9c3-44cf-9cf0-6b9553c1bee4%2Fjuiceviplow.webm?v=1609356221905", "jmcs://jd-contents/JuiceVIP/JuiceVIP_HIGH.webm": "https://cdn.glitch.me/a105e60c-c9c3-44cf-9cf0-6b9553c1bee4%2Fjuiceviphigh.webm?v=1609356221712", "jmcs://jd-contents/JuiceVIP/JuiceVIP.ogg": "https://cdn.glitch.me/a105e60c-c9c3-44cf-9cf0-6b9553c1bee4%2Fjuicevip.ogg?v=1609355848599"}}