{"__class": "ContentAuthorizationEntry", "duration": 300, "changelist": 480634, "urls": {"jmcs://jd-contents/Juju/Juju_ULTRA.webm": "https://cdn.glitch.me/987fcfcc-18ca-4bb2-8005-77d9754b14a6%2FJuju_ULTRA.webm", "jmcs://jd-contents/Juju/Juju_MID.webm": "https://cdn.glitch.me/987fcfcc-18ca-4bb2-8005-77d9754b14a6%2FJuju_MID.webm", "jmcs://jd-contents/Juju/Juju_LOW.webm": "https://cdn.glitch.me/987fcfcc-18ca-4bb2-8005-77d9754b14a6%2FJuju_LOW.webm", "jmcs://jd-contents/Juju/Juju_HIGH.webm": "https://cdn.glitch.me/987fcfcc-18ca-4bb2-8005-77d9754b14a6%2FJuju_HIGH.webm", "jmcs://jd-contents/Juju/Juju.ogg": "https://cdn.glitch.me/987fcfcc-18ca-4bb2-8005-77d9754b14a6%2FJuju.ogg"}}