{"__class": "ContentAuthorizationEntry", "duration": 300, "changelist": 564656, "urls": {"jmcs://jd-contents/JumpMaLa/JumpMaLa_ULTRA.webm": "https://cdn.glitch.me/c6807563-9703-4452-bd7b-b06e822ec772/JumpMaLa_ULTRA.webm", "jmcs://jd-contents/JumpMaLa/JumpMaLa_MID.webm": "https://cdn.glitch.me/c6807563-9703-4452-bd7b-b06e822ec772/JumpMaLa_MID.webm", "jmcs://jd-contents/JumpMaLa/JumpMaLa_LOW.webm": "https://cdn.glitch.me/c6807563-9703-4452-bd7b-b06e822ec772/JumpMaLa_LOW.webm", "jmcs://jd-contents/JumpMaLa/JumpMaLa_HIGH.webm": "https://cdn.glitch.me/c6807563-9703-4452-bd7b-b06e822ec772/JumpMaLa_HIGH.webm", "jmcs://jd-contents/JumpMaLa/JumpMaLa.ogg": "https://cdn.glitch.me/c6807563-9703-4452-bd7b-b06e822ec772/JumpMaLa.ogg"}}