{"__class": "ContentAuthorizationEntry", "duration": 300, "changelist": 564656, "urls": {"jmcs://jd-contents/Jump/Jump_ULTRA.webm": "https://cdn.glitch.me/77f64e48-1730-40e5-b040-3bb3802eca2b/Jump_ULTRA.webm", "jmcs://jd-contents/Jump/Jump_MID.webm": "https://cdn.glitch.me/77f64e48-1730-40e5-b040-3bb3802eca2b/Jump_MID.webm", "jmcs://jd-contents/Jump/Jump_LOW.webm": "https://cdn.glitch.me/77f64e48-1730-40e5-b040-3bb3802eca2b/Jump_LOW.webm", "jmcs://jd-contents/Jump/Jump_HIGH.webm": "https://cdn.glitch.me/77f64e48-1730-40e5-b040-3bb3802eca2b/Jump_HIGH.webm", "jmcs://jd-contents/Jump/Jump.ogg": "https://cdn.glitch.me/77f64e48-1730-40e5-b040-3bb3802eca2b/Jump.ogg"}}