{"__class": "ContentAuthorizationEntry", "duration": 300, "changelist": 564656, "urls": {"jmcs://jd-contents/JuntoATi/JuntoATi_ULTRA.webm": "https://cdn.glitch.me/c6807563-9703-4452-bd7b-b06e822ec772/JuntoATi_ULTRA.webm", "jmcs://jd-contents/JuntoATi/JuntoATi_MID.webm": "https://cdn.glitch.me/c6807563-9703-4452-bd7b-b06e822ec772/JuntoATi_MID.webm", "jmcs://jd-contents/JuntoATi/JuntoATi_LOW.webm": "https://cdn.glitch.me/c6807563-9703-4452-bd7b-b06e822ec772/JuntoATi_LOW.webm", "jmcs://jd-contents/JuntoATi/JuntoATi_HIGH.webm": "https://cdn.glitch.me/c6807563-9703-4452-bd7b-b06e822ec772/JuntoATi_HIGH.webm", "jmcs://jd-contents/JuntoATi/JuntoATi.ogg": "https://cdn.glitch.me/c6807563-9703-4452-bd7b-b06e822ec772/JuntoATi.ogg"}}