{"__class": "ContentAuthorizationEntry", "duration": 300, "changelist": 480634, "urls": {"jmcs://jd-contents/JustMaxBL/JustMaxBL_ULTRA.webm": "https://cdn.glitch.me/987fcfcc-18ca-4bb2-8005-77d9754b14a6%2FJustMaxBL_ULTRA.webm?v=1626662441428", "jmcs://jd-contents/JustMaxBL/JustMaxBL_MID.webm": "https://cdn.glitch.me/987fcfcc-18ca-4bb2-8005-77d9754b14a6%2FJustMaxBL_MID.webm?v=1626662441428", "jmcs://jd-contents/JustMaxBL/JustMaxBL_LOW.webm": "https://cdn.glitch.me/987fcfcc-18ca-4bb2-8005-77d9754b14a6%2FJustMaxBL_LOW.webm?v=1626662441428", "jmcs://jd-contents/JustMaxBL/JustMaxBL_HIGH.webm": "https://cdn.glitch.me/987fcfcc-18ca-4bb2-8005-77d9754b14a6%2FJustMaxBL_HIGH.webm?v=1626662441428", "jmcs://jd-contents/JustMaxBL/JustMaxBL.ogg": "https://cdn.glitch.me/987fcfcc-18ca-4bb2-8005-77d9754b14a6%2FJustMaxBL.ogg?v=1626662323938"}}