{"__class": "ContentAuthorizationEntry", "duration": 300, "changelist": 480634, "urls": {"jmcs://jd-contents/JustDanceOSC/JustDanceOSC_ULTRA.webm": "https://cdn.glitch.me/987fcfcc-18ca-4bb2-8005-77d9754b14a6%2FJustDanceOSC_ULTRA.webm", "jmcs://jd-contents/JustDanceOSC/JustDanceOSC_MID.webm": "https://cdn.glitch.me/987fcfcc-18ca-4bb2-8005-77d9754b14a6%2FJustDanceOSC_MID.webm", "jmcs://jd-contents/JustDanceOSC/JustDanceOSC_LOW.webm": "https://cdn.glitch.me/987fcfcc-18ca-4bb2-8005-77d9754b14a6%2FJustDanceOSC_LOW.webm", "jmcs://jd-contents/JustDanceOSC/JustDanceOSC_HIGH.webm": "https://cdn.glitch.me/987fcfcc-18ca-4bb2-8005-77d9754b14a6%2FJustDanceOSC_HIGH.webm", "jmcs://jd-contents/JustDanceOSC/JustDanceOSC.ogg": "https://cdn.glitch.me/987fcfcc-18ca-4bb2-8005-77d9754b14a6%2FJustDanceOSC.ogg"}}