{"__class": "ContentAuthorizationEntry", "duration": 300000, "changelist": 300, "urls": {"jmcs://jd-contents/JustAnIllusion/JustAnIllusion_ULTRA.webm": "https://cdn.glitch.me/253949fc-b561-4250-aa5b-b32da09824d2%2FJustAnIllusion_ULTRA.webm?v=1615646663011", "jmcs://jd-contents/JustAnIllusion/JustAnIllusion_HIGH.webm": "https://cdn.glitch.me/253949fc-b561-4250-aa5b-b32da09824d2%2FJustAnIllusion_HIGH.webm?v=1615646599001", "jmcs://jd-contents/JustAnIllusion/JustAnIllusion_MID.webm": "https://cdn.glitch.me/253949fc-b561-4250-aa5b-b32da09824d2%2FJustAnIllusion_MID.webm?v=1615646507562", "jmcs://jd-contents/JustAnIllusion/JustAnIllusion_LOW.webm": "https://cdn.glitch.me/253949fc-b561-4250-aa5b-b32da09824d2%2FJustAnIllusion_LOW.webm?v=1615646509011", "jmcs://jd-contents/JustAnIllusion/JustAnIllusion.ogg": "https://cdn.glitch.me/253949fc-b561-4250-aa5b-b32da09824d2%2FJustAnIllusion.ogg?v=1615646499486"}}