{"__class": "ContentAuthorizationEntry", "duration": 300, "changelist": 300000, "urls": {"jmcs://jd-contents/KaitoShojo/KaitoShojo_ULTRA.webm": "https://cdn.glitch.me/985cf90c-5f1b-4e8e-8d50-a623651a4b4b%2FKaitoShojo_ULTRA.webm?v=1610833577640", "jmcs://jd-contents/KaitoShojo/KaitoShojo_HIGH.webm": "https://cdn.glitch.me/985cf90c-5f1b-4e8e-8d50-a623651a4b4b%2FKaitoShojo_HIGH.webm?v=1610833574385", "jmcs://jd-contents/KaitoShojo/KaitoShojo_MID.webm": "https://cdn.glitch.me/985cf90c-5f1b-4e8e-8d50-a623651a4b4b%2FKaitoShojo_MID.webm?v=1610833531609", "jmcs://jd-contents/KaitoShojo/KaitoShojo_LOW.webm": "https://cdn.glitch.me/985cf90c-5f1b-4e8e-8d50-a623651a4b4b%2FKaitoShojo_LOW.webm?v=1610833499528", "jmcs://jd-contents/KaitoShojo/KaitoShojo.ogg": "https://cdn.glitch.me/363023d0-90ae-4a33-a4cd-cebdccb8b5f2%2FKaitoShojo.ogg?v=1616212279732"}}