{"__class": "ContentAuthorizationEntry", "duration": 300, "changelist": 564656, "urls": {"jmcs://jd-contents/KaraokeForeverCHN/KaraokeForeverCHN_ULTRA.webm": "https://cdn.glitch.me/c6807563-9703-4452-bd7b-b06e822ec772/KaraokeForeverCHN_ULTRA.webm", "jmcs://jd-contents/KaraokeForeverCHN/KaraokeForeverCHN_MID.webm": "https://cdn.glitch.me/c6807563-9703-4452-bd7b-b06e822ec772/KaraokeForeverCHN_MID.webm", "jmcs://jd-contents/KaraokeForeverCHN/KaraokeForeverCHN_LOW.webm": "https://cdn.glitch.me/c6807563-9703-4452-bd7b-b06e822ec772/KaraokeForeverCHN_LOW.webm", "jmcs://jd-contents/KaraokeForeverCHN/KaraokeForeverCHN_HIGH.webm": "https://cdn.glitch.me/c6807563-9703-4452-bd7b-b06e822ec772/KaraokeForeverCHN_HIGH.webm", "jmcs://jd-contents/KaraokeForeverCHN/KaraokeForeverCHN.ogg": "https://cdn.glitch.me/c6807563-9703-4452-bd7b-b06e822ec772/KaraokeForeverCHN.ogg"}}