{"__class": "ContentAuthorizationEntry", "duration": 300, "changelist": 564656, "urls": {"jmcs://jd-contents/KattiKalandal/KattiKalandal_ULTRA.webm": "https://cdn.glitch.me/c6807563-9703-4452-bd7b-b06e822ec772/KattiKalandal_ULTRA.webm", "jmcs://jd-contents/KattiKalandal/KattiKalandal_MID.webm": "https://cdn.glitch.me/c6807563-9703-4452-bd7b-b06e822ec772/KattiKalandal_MID.webm", "jmcs://jd-contents/KattiKalandal/KattiKalandal_LOW.webm": "https://cdn.glitch.me/c6807563-9703-4452-bd7b-b06e822ec772/KattiKalandal_LOW.webm", "jmcs://jd-contents/KattiKalandal/KattiKalandal_HIGH.webm": "https://cdn.glitch.me/c6807563-9703-4452-bd7b-b06e822ec772/KattiKalandal_HIGH.webm", "jmcs://jd-contents/KattiKalandal/KattiKalandal.ogg": "https://cdn.glitch.me/c6807563-9703-4452-bd7b-b06e822ec772/KattiKalandal.ogg"}}