{"__class": "ContentAuthorizationEntry", "duration": 300, "changelist": 564520, "urls": {"jmcs://jd-contents/KDance/KDance_ULTRA.webm": "https://cdn.glitch.me/d67ccd0b-bafd-4bfd-9143-bd58e7369c29%2FHIGH.webm?v=1606608912703", "jmcs://jd-contents/KDance/KDance_MID.webm": "https://cdn.glitch.me/d67ccd0b-bafd-4bfd-9143-bd58e7369c29%2FMID.hd.webm?v=1606608179659", "jmcs://jd-contents/KDance/KDance_LOW.webm": "https://cdn.glitch.me/d67ccd0b-bafd-4bfd-9143-bd58e7369c29%2FLOW.webm?v=1606607927373", "jmcs://jd-contents/KDance/KDance_HIGH.webm": "https://cdn.glitch.me/d67ccd0b-bafd-4bfd-9143-bd58e7369c29%2FHIGH.webm?v=1606608912703", "jmcs://jd-contents/KDance/KDance.ogg": "https://cdn.glitch.me/d67ccd0b-bafd-4bfd-9143-bd58e7369c29%2F8f5e4b1793fe2f8611065151e438b34d.ogg?v=1606608579405"}}