{"__class": "ContentAuthorizationEntry", "duration": 300, "changelist": 280634, "urls": {"jmcs://jd-contents/KeepInTouch/KeepInTouch_ULTRA.webm": "https://cdn.glitch.me/c79885f9-42cc-4227-bcc7-ca8ae201a613%2FKeepInTouch_high.webm?v=1611965728047", "jmcs://jd-contents/KeepInTouch/KeepInTouch_MID.webm": "https://cdn.glitch.me/c79885f9-42cc-4227-bcc7-ca8ae201a613%2FKeepInTouch_mid.webm?v=1611965728422", "jmcs://jd-contents/KeepInTouch/KeepInTouch_LOW.webm": "https://cdn.glitch.me/c79885f9-42cc-4227-bcc7-ca8ae201a613%2FKeepInTouch_low.webm?v=1611965686241", "jmcs://jd-contents/KeepInTouch/KeepInTouch_HIGH.webm": "https://cdn.glitch.me/c79885f9-42cc-4227-bcc7-ca8ae201a613%2FKeepInTouch_high.webm?v=1611965728047", "jmcs://jd-contents/KeepInTouch/KeepInTouch.ogg": "https://cdn.glitch.me/c79885f9-42cc-4227-bcc7-ca8ae201a613%2FKeepInTouch.ogg?v=1611965731363"}}