{"__class": "ContentAuthorizationEntry", "duration": 300, "changelist": 509807, "urls": {"jmcs://jd-contents/KickItALT/KickItALT_ULTRA.webm": "https://cdn.glitch.me/253949fc-b561-4250-aa5b-b32da09824d2%2Fclean.kickitalt_ULTRA.webm?v=1612416063673", "jmcs://jd-contents/KickItALT/KickItALT_MID.webm": "https://cdn.glitch.me/253949fc-b561-4250-aa5b-b32da09824d2%2Fclean.kickitalt_MID.webm?v=1612416026016", "jmcs://jd-contents/KickItALT/KickItALT_LOW.webm": "https://cdn.glitch.me/253949fc-b561-4250-aa5b-b32da09824d2%2Fclean.kickitalt_LOW.webm?v=1612416021760,", "jmcs://jd-contents/KickItALT/KickItALT_HIGH.webm": "https://cdn.glitch.me/253949fc-b561-4250-aa5b-b32da09824d2%2Fclean.kickitalt_HIGH.webm?v=1612416053676", "jmcs://jd-contents/KickItALT/KickItALT.ogg": "https://cdn.glitch.me/9f987805-51e9-400c-88d2-cba974ed2d57%2Fkickitalt.ogg?v=1612272621197"}}