{"__class": "ContentAuthorizationEntry", "duration": 300, "changelist": 280634, "urls": {"jmcs://jd-contents/KIDSIfYoureHappy/KIDSIfYoureHappy_ULTRA.webm": "https://cdn.glitch.me/a34690a7-28a9-41f2-b75c-eb3501ba1fdd%2FKIDSIfYoureHappy_high.webm?v=1609889472423", "jmcs://jd-contents/KIDSIfYoureHappy/KIDSIfYoureHappy_ULTRA.hd.webm": "https://cdn.glitch.me/a34690a7-28a9-41f2-b75c-eb3501ba1fdd%2FKIDSIfYoureHappy_high.webm?v=1609889472423", "jmcs://jd-contents/KIDSIfYoureHappy/KIDSIfYoureHappy_MID.webm": "https://cdn.glitch.me/a34690a7-28a9-41f2-b75c-eb3501ba1fdd%2FKIDSIfYoureHappy_mid.webm?v=1609889438579", "jmcs://jd-contents/KIDSIfYoureHappy/KIDSIfYoureHappy_MID.hd.webm": "https://cdn.glitch.me/a34690a7-28a9-41f2-b75c-eb3501ba1fdd%2FKIDSIfYoureHappy_mid.webm?v=1609889438579", "jmcs://jd-contents/KIDSIfYoureHappy/KIDSIfYoureHappy_LOW.webm": "https://cdn.glitch.me/a34690a7-28a9-41f2-b75c-eb3501ba1fdd%2FKIDSIfYoureHappy_low.webm?v=1609889421355", "jmcs://jd-contents/KIDSIfYoureHappy/KIDSIfYoureHappy_LOW.hd.webm": "https://cdn.glitch.me/a34690a7-28a9-41f2-b75c-eb3501ba1fdd%2FKIDSIfYoureHappy_low.webm?v=1609889421355", "jmcs://jd-contents/KIDSIfYoureHappy/KIDSIfYoureHappy_HIGH.webm": "https://cdn.glitch.me/a34690a7-28a9-41f2-b75c-eb3501ba1fdd%2FKIDSIfYoureHappy_high.webm?v=1609889472423", "jmcs://jd-contents/KIDSIfYoureHappy/KIDSIfYoureHappy_HIGH.hd.webm": "https://cdn.glitch.me/a34690a7-28a9-41f2-b75c-eb3501ba1fdd%2FKIDSIfYoureHappy_high.webm?v=1609889472423", "jmcs://jd-contents/KIDSIfYoureHappy/KIDSIfYoureHappy.ogg": "https://cdn.glitch.me/a34690a7-28a9-41f2-b75c-eb3501ba1fdd%2FKIDSIfYoureHappy.ogg?v=1609889400329"}}