{"__class": "ContentAuthorizationEntry", "duration": 300, "changelist": 280634, "urls": {"jmcs://jd-contents/KIDSWheelsOnTheBus/KIDSWheelsOnTheBus_ULTRA.webm": "https://cdn.glitch.me/a34690a7-28a9-41f2-b75c-eb3501ba1fdd%2FKIDSWheelsOnTheBus_high.webm?v=1609891437920", "jmcs://jd-contents/KIDSWheelsOnTheBus/KIDSWheelsOnTheBus_ULTRA.hd.webm": "https://cdn.glitch.me/a34690a7-28a9-41f2-b75c-eb3501ba1fdd%2FKIDSWheelsOnTheBus_high.webm?v=1609891437920", "jmcs://jd-contents/KIDSWheelsOnTheBus/KIDSWheelsOnTheBus_MID.webm": "https://cdn.glitch.me/a34690a7-28a9-41f2-b75c-eb3501ba1fdd%2FKIDSWheelsOnTheBus_mid.webm?v=1609891407336", "jmcs://jd-contents/KIDSWheelsOnTheBus/KIDSWheelsOnTheBus_MID.hd.webm": "https://cdn.glitch.me/a34690a7-28a9-41f2-b75c-eb3501ba1fdd%2FKIDSWheelsOnTheBus_mid.webm?v=1609891407336", "jmcs://jd-contents/KIDSWheelsOnTheBus/KIDSWheelsOnTheBus_LOW.webm": "https://cdn.glitch.me/a34690a7-28a9-41f2-b75c-eb3501ba1fdd%2FKIDSWheelsOnTheBus_low.webm?v=1609891357475", "jmcs://jd-contents/KIDSWheelsOnTheBus/KIDSWheelsOnTheBus_LOW.hd.webm": "https://cdn.glitch.me/a34690a7-28a9-41f2-b75c-eb3501ba1fdd%2FKIDSWheelsOnTheBus_low.webm?v=1609891357475", "jmcs://jd-contents/KIDSWheelsOnTheBus/KIDSWheelsOnTheBus_HIGH.webm": "https://cdn.glitch.me/a34690a7-28a9-41f2-b75c-eb3501ba1fdd%2FKIDSWheelsOnTheBus_high.webm?v=1609891437920", "jmcs://jd-contents/KIDSWheelsOnTheBus/KIDSWheelsOnTheBus_HIGH.hd.webm": "https://cdn.glitch.me/a34690a7-28a9-41f2-b75c-eb3501ba1fdd%2FKIDSWheelsOnTheBus_high.webm?v=1609891437920", "jmcs://jd-contents/KIDSWheelsOnTheBus/KIDSWheelsOnTheBus.ogg": "https://cdn.glitch.me/a34690a7-28a9-41f2-b75c-eb3501ba1fdd%2FKIDSWheelsOnTheBus.ogg?v=1609891336474"}}