{"__class": "ContentAuthorizationEntry", "duration": 300, "changelist": 3, "urls": {"jmcs://jd-contents/KillThisLove/KillThisLove_ULTRA.webm": "https://cdn.glitch.me/50785501-e052-480f-8dd7-3c9a193b662f%2FKillThisLove_ULTRA.webm?v=1611414183483", "jmcs://jd-contents/KillThisLove/KillThisLove_HIGH.webm": "https://cdn.glitch.me/50785501-e052-480f-8dd7-3c9a193b662f%2FKillThisLove_HIGH.webm?v=1611414183483", "jmcs://jd-contents/KillThisLove/KillThisLove_MID.webm": "https://cdn.glitch.me/50785501-e052-480f-8dd7-3c9a193b662f%2FKillThisLove_MID.webm?v=1611414163565", "jmcs://jd-contents/KillThisLove/KillThisLove_LOW.webm": "https://cdn.glitch.me/50785501-e052-480f-8dd7-3c9a193b662f%2FKillThisLove_LOW.webm?v=1611414154671", "jmcs://jd-contents/KillThisLove/KillThisLove.ogg": "https://cdn.glitch.me/50785501-e052-480f-8dd7-3c9a193b662f%2FKillThisLove.ogg?v=1611414154535"}}