{"__class": "ContentAuthorizationEntry", "duration": 300, "changelist": 564656, "urls": {"jmcs://jd-contents/KissYou/KissYou_ULTRA.webm": "https://cdn.glitch.me/77f64e48-1730-40e5-b040-3bb3802eca2b/KissYou_ULTRA.webm", "jmcs://jd-contents/KissYou/KissYou_MID.webm": "https://cdn.glitch.me/77f64e48-1730-40e5-b040-3bb3802eca2b/KissYou_MID.webm", "jmcs://jd-contents/KissYou/KissYou_LOW.webm": "https://cdn.glitch.me/77f64e48-1730-40e5-b040-3bb3802eca2b/KissYou_LOW.webm", "jmcs://jd-contents/KissYou/KissYou_HIGH.webm": "https://cdn.glitch.me/77f64e48-1730-40e5-b040-3bb3802eca2b/KissYou_HIGH.webm", "jmcs://jd-contents/KissYou/KissYou.ogg": "https://cdn.glitch.me/77f64e48-1730-40e5-b040-3bb3802eca2b/KissYou.ogg"}}