{"__class": "ContentAuthorizationEntry", "duration": 300, "changelist": 564656, "urls": {"jmcs://jd-contents/KungFunk/KungFunk_ULTRA.webm": "https://cdn.glitch.me/c6807563-9703-4452-bd7b-b06e822ec772/KungFunk_ULTRA.webm", "jmcs://jd-contents/KungFunk/KungFunk_MID.webm": "https://cdn.glitch.me/c6807563-9703-4452-bd7b-b06e822ec772/KungFunk_MID.webm", "jmcs://jd-contents/KungFunk/KungFunk_LOW.webm": "https://cdn.glitch.me/c6807563-9703-4452-bd7b-b06e822ec772/KungFunk_LOW.webm", "jmcs://jd-contents/KungFunk/KungFunk_HIGH.webm": "https://cdn.glitch.me/c6807563-9703-4452-bd7b-b06e822ec772/KungFunk_HIGH.webm", "jmcs://jd-contents/KungFunk/KungFunk.ogg": "https://cdn.glitch.me/c6807563-9703-4452-bd7b-b06e822ec772/KungFunk.ogg"}}