{"__class": "ContentAuthorizationEntry", "duration": 300, "changelist": 564656, "urls": {"jmcs://jd-contents/Kurio/Kurio_ULTRA.webm": "https://cdn.glitch.me/c6807563-9703-4452-bd7b-b06e822ec772/Kurio_ULTRA.webm", "jmcs://jd-contents/Kurio/Kurio_MID.webm": "https://cdn.glitch.me/c6807563-9703-4452-bd7b-b06e822ec772/Kurio_MID.webm", "jmcs://jd-contents/Kurio/Kurio_LOW.webm": "https://cdn.glitch.me/c6807563-9703-4452-bd7b-b06e822ec772/Kurio_LOW.webm", "jmcs://jd-contents/Kurio/Kurio_HIGH.webm": "https://cdn.glitch.me/c6807563-9703-4452-bd7b-b06e822ec772/Kurio_HIGH.webm", "jmcs://jd-contents/Kurio/Kurio.ogg": "https://cdn.glitch.me/c6807563-9703-4452-bd7b-b06e822ec772/Kurio.ogg"}}