{"__class": "ContentAuthorizationEntry", "duration": 300, "changelist": 564656, "urls": {"jmcs://jd-contents/Lacrimosa/Lacrimosa_ULTRA.webm": "https://cdn.glitch.me/253949fc-b561-4250-aa5b-b32da09824d2%2Fclean.Lacrimosa_ULTRA.webm?v=1612415189334", "jmcs://jd-contents/Lacrimosa/Lacrimosa_MID.webm": "https://cdn.glitch.me/253949fc-b561-4250-aa5b-b32da09824d2%2Fclean.Lacrimosa_MID.webm?v=1612415102871", "jmcs://jd-contents/Lacrimosa/Lacrimosa_LOW.webm": "https://cdn.glitch.me/253949fc-b561-4250-aa5b-b32da09824d2%2Fclean.Lacrimosa_LOW.webm?v=1612415012483", "jmcs://jd-contents/Lacrimosa/Lacrimosa_HIGH.webm": "https://cdn.glitch.me/253949fc-b561-4250-aa5b-b32da09824d2%2Fclean.Lacrimosa_HIGH.webm?v=1612415214192", "jmcs://jd-contents/Lacrimosa/Lacrimosa.ogg": "https://cdn.glitch.me/253949fc-b561-4250-aa5b-b32da09824d2%2Flacrimosa.ogg?v=1612413296352"}}