{"__class": "ContentAuthorizationEntry", "duration": 300, "changelist": 564656, "urls": {"jmcs://jd-contents/LegSongCHN/LegSongCHN_ULTRA.webm": "https://cdn.glitch.me/c6807563-9703-4452-bd7b-b06e822ec772/LegSongCHN_ULTRA.webm", "jmcs://jd-contents/LegSongCHN/LegSongCHN_MID.webm": "https://cdn.glitch.me/c6807563-9703-4452-bd7b-b06e822ec772/LegSongCHN_MID.webm", "jmcs://jd-contents/LegSongCHN/LegSongCHN_LOW.webm": "https://cdn.glitch.me/c6807563-9703-4452-bd7b-b06e822ec772/LegSongCHN_LOW.webm", "jmcs://jd-contents/LegSongCHN/LegSongCHN_HIGH.webm": "https://cdn.glitch.me/c6807563-9703-4452-bd7b-b06e822ec772/LegSongCHN_HIGH.webm", "jmcs://jd-contents/LegSongCHN/LegSongCHN.ogg": "https://cdn.glitch.me/c6807563-9703-4452-bd7b-b06e822ec772/LegSongCHN.ogg"}}