{"__class": "ContentAuthorizationEntry", "duration": 300, "changelist": 564656, "urls": {"jmcs://jd-contents/LetItGoDLC/LetItGoDLC_ULTRA.webm": "https://cdn.glitch.me/c6807563-9703-4452-bd7b-b06e822ec772/LetItGoDLC_ULTRA.webm", "jmcs://jd-contents/LetItGoDLC/LetItGoDLC_MID.webm": "https://cdn.glitch.me/c6807563-9703-4452-bd7b-b06e822ec772/LetItGoDLC_MID.webm", "jmcs://jd-contents/LetItGoDLC/LetItGoDLC_LOW.webm": "https://cdn.glitch.me/c6807563-9703-4452-bd7b-b06e822ec772/LetItGoDLC_LOW.webm", "jmcs://jd-contents/LetItGoDLC/LetItGoDLC_HIGH.webm": "https://cdn.glitch.me/c6807563-9703-4452-bd7b-b06e822ec772/LetItGoDLC_HIGH.webm", "jmcs://jd-contents/LetItGoDLC/LetItGoDLC.ogg": "https://cdn.glitch.me/c6807563-9703-4452-bd7b-b06e822ec772/LetItGoDLC.ogg"}}