{"__class": "ContentAuthorizationEntry", "duration": 300, "changelist": 564656, "urls": {"jmcs://jd-contents/LetItGo/LetItGo_ULTRA.webm": "https://cdn.glitch.me/c6807563-9703-4452-bd7b-b06e822ec772/LetItGo_ULTRA.webm", "jmcs://jd-contents/LetItGo/LetItGo_MID.webm": "https://cdn.glitch.me/c6807563-9703-4452-bd7b-b06e822ec772/LetItGo_MID.webm", "jmcs://jd-contents/LetItGo/LetItGo_LOW.webm": "https://cdn.glitch.me/c6807563-9703-4452-bd7b-b06e822ec772/LetItGo_LOW.webm", "jmcs://jd-contents/LetItGo/LetItGo_HIGH.webm": "https://cdn.glitch.me/c6807563-9703-4452-bd7b-b06e822ec772/LetItGo_HIGH.webm", "jmcs://jd-contents/LetItGo/LetItGo.ogg": "https://cdn.glitch.me/c6807563-9703-4452-bd7b-b06e822ec772/LetItGo.ogg"}}