{"__class": "ContentAuthorizationEntry", "duration": 300, "changelist": 564656, "urls": {"jmcs://jd-contents/LetsGroove/LetsGroove_ULTRA.webm": "https://cdn.glitch.me/c6807563-9703-4452-bd7b-b06e822ec772/LetsGroove_ULTRA.webm", "jmcs://jd-contents/LetsGroove/LetsGroove_MID.webm": "https://cdn.glitch.me/c6807563-9703-4452-bd7b-b06e822ec772/LetsGroove_MID.webm", "jmcs://jd-contents/LetsGroove/LetsGroove_LOW.webm": "https://cdn.glitch.me/c6807563-9703-4452-bd7b-b06e822ec772/LetsGroove_LOW.webm", "jmcs://jd-contents/LetsGroove/LetsGroove_HIGH.webm": "https://cdn.glitch.me/c6807563-9703-4452-bd7b-b06e822ec772/LetsGroove_HIGH.webm", "jmcs://jd-contents/LetsGroove/LetsGroove.ogg": "https://cdn.glitch.me/c6807563-9703-4452-bd7b-b06e822ec772/LetsGroove.ogg"}}