{"__class": "ContentAuthorizationEntry", "duration": 300, "changelist": 535312, "urls": {"jmcs://jd-contents/LevelUpVIP/LevelUpVIP_ULTRA.webm": "https://cdn.glitch.me/5f723157-3676-4102-a72b-6acbaa1c7923%2FLevelUpVIP_ULTRA.webm", "jmcs://jd-contents/LevelUpVIP/LevelUpVIP_MID.webm": "https://cdn.glitch.me/5f723157-3676-4102-a72b-6acbaa1c7923%2FLevelUpVIP_MID.webm", "jmcs://jd-contents/LevelUpVIP/LevelUpVIP_LOW.webm": "https://cdn.glitch.me/5f723157-3676-4102-a72b-6acbaa1c7923%2FLevelUpVIP_LOW.webm", "jmcs://jd-contents/LevelUpVIP/LevelUpVIP_HIGH.webm": "https://cdn.glitch.me/5f723157-3676-4102-a72b-6acbaa1c7923%2FLevelUpVIP_HIGH.webm", "jmcs://jd-contents/LevelUpVIP/LevelUpVIP.ogg": "https://cdn.glitch.me/5f723157-3676-4102-a72b-6acbaa1c7923%2FLevelUpVIP.ogg"}}