{"__class": "ContentAuthorizationEntry", "duration": 300, "changelist": 280634, "urls": {"jmcs://jd-contents/Levitating/Levitating_ULTRA.webm": "https://cdn.glitch.me/fb7f2dff-1b2b-4061-b9eb-992a5de935d4%2FLevitating_ULTRA.webm?v=1635366605098", "jmcs://jd-contents/Levitating/Levitating_MID.webm": "https://cdn.glitch.me/fb7f2dff-1b2b-4061-b9eb-992a5de935d4%2FLevitating_MID.webm?v=1635366582722", "jmcs://jd-contents/Levitating/Levitating_LOW.webm": "https://cdn.glitch.me/fb7f2dff-1b2b-4061-b9eb-992a5de935d4%2FLevitating_LOW.webm?v=1635366571121", "jmcs://jd-contents/Levitating/Levitating_HIGH.webm": "https://cdn.glitch.me/fb7f2dff-1b2b-4061-b9eb-992a5de935d4%2FLevitating_HIGH.webm?v=1635366590825", "jmcs://jd-contents/Levitating/Levitating_ULTRA.hd.webm": "https://cdn.glitch.me/fb7f2dff-1b2b-4061-b9eb-992a5de935d4%2FLevitating_ULTRA.webm?v=1635366605098", "jmcs://jd-contents/Levitating/Levitating_MID.hd.webm": "https://cdn.glitch.me/fb7f2dff-1b2b-4061-b9eb-992a5de935d4%2FLevitating_MID.webm?v=1635366582722", "jmcs://jd-contents/Levitating/Levitating_LOW.hd.webm": "https://cdn.glitch.me/fb7f2dff-1b2b-4061-b9eb-992a5de935d4%2FLevitating_LOW.webm?v=1635366571121", "jmcs://jd-contents/Levitating/Levitating_HIGH.hd.webm": "https://cdn.glitch.me/fb7f2dff-1b2b-4061-b9eb-992a5de935d4%2FLevitating_HIGH.webm?v=1635366590825", "jmcs://jd-contents/Levitating/Levitating.ogg": "https://cdn.glitch.me/fb7f2dff-1b2b-4061-b9eb-992a5de935d4%2FLevitating.ogg?v=1635366568374"}}