{"__class": "ContentAuthorizationEntry", "duration": 300, "changelist": 564656, "urls": {"jmcs://jd-contents/Lights/Lights_ULTRA.webm": "https://cdn.glitch.me/c6807563-9703-4452-bd7b-b06e822ec772/Lights_ULTRA.webm", "jmcs://jd-contents/Lights/Lights_MID.webm": "https://cdn.glitch.me/c6807563-9703-4452-bd7b-b06e822ec772/Lights_MID.webm", "jmcs://jd-contents/Lights/Lights_LOW.webm": "https://cdn.glitch.me/c6807563-9703-4452-bd7b-b06e822ec772/Lights_LOW.webm", "jmcs://jd-contents/Lights/Lights_HIGH.webm": "https://cdn.glitch.me/c6807563-9703-4452-bd7b-b06e822ec772/Lights_HIGH.webm", "jmcs://jd-contents/Lights/Lights.ogg": "https://cdn.glitch.me/c6807563-9703-4452-bd7b-b06e822ec772/Lights.ogg"}}