{"__class": "ContentAuthorizationEntry", "duration": 300000, "changelist": 300, "urls": {"jmcs://jd-contents/LittlePartyALT/LittlePartyALT_ULTRA.webm": "https://cdn.glitch.me/a26ba0ac-032e-4eda-a9f6-6db88289ff87%2FLittlePartyALT_ULTRA.webm?v=1616091515616", "jmcs://jd-contents/LittlePartyALT/LittlePartyALT_HIGH.webm": "https://cdn.glitch.me/a26ba0ac-032e-4eda-a9f6-6db88289ff87%2FLittlePartyALT_HIGH.webm?v=1616090915989", "jmcs://jd-contents/LittlePartyALT/LittlePartyALT_MID.webm": "https://cdn.glitch.me/a26ba0ac-032e-4eda-a9f6-6db88289ff87%2FLittlePartyALT_MID.webm?v=1616090258947", "jmcs://jd-contents/LittlePartyALT/LittlePartyALT_LOW.webm": "https://cdn.glitch.me/a26ba0ac-032e-4eda-a9f6-6db88289ff87%2FLittlePartyALT_LOW.webm?v=1616090076382", "jmcs://jd-contents/LittlePartyALT/LittlePartyALT.ogg": "https://cdn.glitch.me/a26ba0ac-032e-4eda-a9f6-6db88289ff87%2FLittlePartyALT.ogg?v=1616089357200"}}