{"__class": "ContentAuthorizationEntry", "duration": 300000, "changelist": 300, "urls": {"jmcs://jd-contents/LittleParty/LittleParty_ULTRA.webm": "https://cdn.glitch.me/a26ba0ac-032e-4eda-a9f6-6db88289ff87%2FLittleParty_ULTRA.webm?v=1616091516228", "jmcs://jd-contents/LittleParty/LittleParty_HIGH.webm": "https://cdn.glitch.me/a26ba0ac-032e-4eda-a9f6-6db88289ff87%2FLittleParty_HIGH.webm?v=1616090811750", "jmcs://jd-contents/LittleParty/LittleParty_MID.webm": "https://cdn.glitch.me/a26ba0ac-032e-4eda-a9f6-6db88289ff87%2FLittleParty_MID.webm?v=1616090259657", "jmcs://jd-contents/LittleParty/LittleParty_LOW.webm": "https://cdn.glitch.me/a26ba0ac-032e-4eda-a9f6-6db88289ff87%2FLittleParty_LOW.webm?v=1616090052375", "jmcs://jd-contents/LittleParty/LittleParty.ogg": "https://cdn.glitch.me/a26ba0ac-032e-4eda-a9f6-6db88289ff87%2FLittleParty.ogg?v=1616089345423"}}