{"__class": "ContentAuthorizationEntry", "duration": 300, "changelist": 480634, "urls": {"jmcs://jd-contents/LoveBoat/LoveBoat_ULTRA.webm": "https://cdn.glitch.me/987fcfcc-18ca-4bb2-8005-77d9754b14a6%2FLoveBoat_ULTRA.webm", "jmcs://jd-contents/LoveBoat/LoveBoat_MID.webm": "https://cdn.glitch.me/987fcfcc-18ca-4bb2-8005-77d9754b14a6%2FLoveBoat_MID.webm", "jmcs://jd-contents/LoveBoat/LoveBoat_LOW.webm": "https://cdn.glitch.me/987fcfcc-18ca-4bb2-8005-77d9754b14a6%2FLoveBoat_LOW.webm", "jmcs://jd-contents/LoveBoat/LoveBoat_HIGH.webm": "https://cdn.glitch.me/987fcfcc-18ca-4bb2-8005-77d9754b14a6%2FLoveBoat_HIGH.webm", "jmcs://jd-contents/LoveBoat/LoveBoat.ogg": "https://cdn.glitch.me/987fcfcc-18ca-4bb2-8005-77d9754b14a6%2FLoveBoat.ogg"}}