{"__class": "ContentAuthorizationEntry", "duration": 300, "changelist": 466919, "urls": {"jmcs://jd-contents/LoveYouLike/LoveYouLike_ULTRA.webm": "https://cdn.glitch.me/d3bd9252-eb09-4dd8-9a8b-23936a86df9d%2FLoveYouLike_ULTRA.webm?v=1616179243838", "jmcs://jd-contents/LoveYouLike/LoveYouLike_MID.webm": "https://cdn.glitch.me/d3bd9252-eb09-4dd8-9a8b-23936a86df9d%2FLoveYouLike_MID.webm?v=1616178778649", "jmcs://jd-contents/LoveYouLike/LoveYouLike_LOW.webm": "https://cdn.glitch.me/d3bd9252-eb09-4dd8-9a8b-23936a86df9d%2FLoveYouLike_LOW.webm?v=1616178814178", "jmcs://jd-contents/LoveYouLike/LoveYouLike_HIGH.webm": "https://cdn.glitch.me/d3bd9252-eb09-4dd8-9a8b-23936a86df9d%2FLoveYouLike_HIGH.webm?v=1616178951896", "jmcs://jd-contents/LoveYouLike/LoveYouLike.ogg": "https://cdn.glitch.me/d3bd9252-eb09-4dd8-9a8b-23936a86df9d%2FLoveYouLike_audio.ogg?v=1616178704947"}}