{"__class": "ContentAuthorizationEntry", "duration": 300, "changelist": 564656, "urls": {"jmcs://jd-contents/LoveIsAll/LoveIsAll_ULTRA.webm": "https://cdn.glitch.me/c6807563-9703-4452-bd7b-b06e822ec772/LoveIsAll_ULTRA.webm", "jmcs://jd-contents/LoveIsAll/LoveIsAll_MID.webm": "https://cdn.glitch.me/c6807563-9703-4452-bd7b-b06e822ec772/LoveIsAll_MID.webm", "jmcs://jd-contents/LoveIsAll/LoveIsAll_LOW.webm": "https://cdn.glitch.me/c6807563-9703-4452-bd7b-b06e822ec772/LoveIsAll_LOW.webm", "jmcs://jd-contents/LoveIsAll/LoveIsAll_HIGH.webm": "https://cdn.glitch.me/c6807563-9703-4452-bd7b-b06e822ec772/LoveIsAll_HIGH.webm", "jmcs://jd-contents/LoveIsAll/LoveIsAll.ogg": "https://cdn.glitch.me/c6807563-9703-4452-bd7b-b06e822ec772/LoveIsAll.ogg"}}