{"__class": "ContentAuthorizationEntry", "duration": 300000, "changelist": 300, "urls": {"jmcs://jd-contents/Luftballons/Luftballons_ULTRA.webm": "https://cdn.glitch.me/c6807563-9703-4452-bd7b-b06e822ec772%2FLuftballons_ULTRA.webm?v=1617137998323", "jmcs://jd-contents/Luftballons/Luftballons_HIGH.webm": "https://cdn.glitch.me/c6807563-9703-4452-bd7b-b06e822ec772%2FLuftballons_HIGH.webm?v=1617137888610", "jmcs://jd-contents/Luftballons/Luftballons_MID.webm": "https://cdn.glitch.me/c6807563-9703-4452-bd7b-b06e822ec772%2FLuftballons_MID.webm?v=1617137842702", "jmcs://jd-contents/Luftballons/Luftballons_LOW.webm": "https://cdn.glitch.me/c6807563-9703-4452-bd7b-b06e822ec772%2FLuftballons_LOW.webm?v=1617137977891", "jmcs://jd-contents/Luftballons/Luftballons.ogg": "https://cdn.glitch.me/c6807563-9703-4452-bd7b-b06e822ec772%2FLuftballons.ogg?v=1617137794465"}}