{"__class": "ContentAuthorizationEntry", "duration": 300, "changelist": 564656, "urls": {"jmcs://jd-contents/Lullaby/Lullaby_ULTRA.webm": "https://cdn.glitch.me/d8c60ad8-418c-4f6d-a402-421273e13259/Lullaby_ULTRA.webm", "jmcs://jd-contents/Lullaby/Lullaby_MID.webm": "https://cdn.glitch.me/d8c60ad8-418c-4f6d-a402-421273e13259/Lullaby_MID.webm", "jmcs://jd-contents/Lullaby/Lullaby_LOW.webm": "https://cdn.glitch.me/d8c60ad8-418c-4f6d-a402-421273e13259/Lullaby_LOW.webm", "jmcs://jd-contents/Lullaby/Lullaby_HIGH.webm": "https://cdn.glitch.me/d8c60ad8-418c-4f6d-a402-421273e13259/Lullaby_HIGH.webm", "jmcs://jd-contents/Lullaby/Lullaby.ogg": "https://cdn.glitch.me/d8c60ad8-418c-4f6d-a402-421273e13259/Lullaby.ogg"}}