{"__class": "ContentAuthorizationEntry", "duration": 300, "changelist": 564656, "urls": {"jmcs://jd-contents/Lump/Lump_ULTRA.webm": "https://cdn.glitch.me/c6807563-9703-4452-bd7b-b06e822ec772/Lump_ULTRA.webm", "jmcs://jd-contents/Lump/Lump_MID.webm": "https://cdn.glitch.me/c6807563-9703-4452-bd7b-b06e822ec772/Lump_MID.webm", "jmcs://jd-contents/Lump/Lump_LOW.webm": "https://cdn.glitch.me/c6807563-9703-4452-bd7b-b06e822ec772/Lump_LOW.webm", "jmcs://jd-contents/Lump/Lump_HIGH.webm": "https://cdn.glitch.me/c6807563-9703-4452-bd7b-b06e822ec772/Lump_HIGH.webm", "jmcs://jd-contents/Lump/Lump.ogg": "https://cdn.glitch.me/c6807563-9703-4452-bd7b-b06e822ec772/Lump.ogg"}}