{"__class": "ContentAuthorizationEntry", "duration": 300, "changelist": 564656, "urls": {"jmcs://jd-contents/Macarena/Macarena_ULTRA.webm": "https://cdn.glitch.me/c6807563-9703-4452-bd7b-b06e822ec772/Macarena_ULTRA.webm", "jmcs://jd-contents/Macarena/Macarena_MID.webm": "https://cdn.glitch.me/c6807563-9703-4452-bd7b-b06e822ec772/Macarena_MID.webm", "jmcs://jd-contents/Macarena/Macarena_LOW.webm": "https://cdn.glitch.me/c6807563-9703-4452-bd7b-b06e822ec772/Macarena_LOW.webm", "jmcs://jd-contents/Macarena/Macarena_HIGH.webm": "https://cdn.glitch.me/c6807563-9703-4452-bd7b-b06e822ec772/Macarena_HIGH.webm", "jmcs://jd-contents/Macarena/Macarena.ogg": "https://cdn.glitch.me/c6807563-9703-4452-bd7b-b06e822ec772/Macarena.ogg"}}