{"__class": "ContentAuthorizationEntry", "duration": 300, "changelist": 564656, "urls": {"jmcs://jd-contents/Mad/Mad_ULTRA.webm": "https://cdn.glitch.me/c6807563-9703-4452-bd7b-b06e822ec772/Mad_ULTRA.webm", "jmcs://jd-contents/Mad/Mad_MID.webm": "https://cdn.glitch.me/c6807563-9703-4452-bd7b-b06e822ec772/Mad_MID.webm", "jmcs://jd-contents/Mad/Mad_LOW.webm": "https://cdn.glitch.me/c6807563-9703-4452-bd7b-b06e822ec772/Mad_LOW.webm", "jmcs://jd-contents/Mad/Mad_HIGH.webm": "https://cdn.glitch.me/c6807563-9703-4452-bd7b-b06e822ec772/Mad_HIGH.webm", "jmcs://jd-contents/Mad/Mad.ogg": "https://cdn.glitch.me/c6807563-9703-4452-bd7b-b06e822ec772/Mad.ogg"}}