{"__class": "ContentAuthorizationEntry", "duration": 300, "changelist": 480634, "urls": {"jmcs://jd-contents/MainGirlDLC/MainGirlDLC_ULTRA.webm": "https://cdn.glitch.me/987fcfcc-18ca-4bb2-8005-77d9754b14a6%2FMainGirlDLC_ULTRA.webm", "jmcs://jd-contents/MainGirlDLC/MainGirlDLC_MID.webm": "https://cdn.glitch.me/987fcfcc-18ca-4bb2-8005-77d9754b14a6%2FMainGirlDLC_MID.webm", "jmcs://jd-contents/MainGirlDLC/MainGirlDLC_LOW.webm": "https://cdn.glitch.me/987fcfcc-18ca-4bb2-8005-77d9754b14a6%2FMainGirlDLC_LOW.webm", "jmcs://jd-contents/MainGirlDLC/MainGirlDLC_HIGH.webm": "https://cdn.glitch.me/987fcfcc-18ca-4bb2-8005-77d9754b14a6%2FMainGirlDLC_HIGH.webm", "jmcs://jd-contents/MainGirlDLC/MainGirlDLC.ogg": "https://cdn.glitch.me/987fcfcc-18ca-4bb2-8005-77d9754b14a6%2FMainGirlDLC.ogg"}}