{"__class": "ContentAuthorizationEntry", "duration": 300, "changelist": 564656, "urls": {"jmcs://jd-contents/MaItu/MaItu_ULTRA.webm": "https://cdn.glitch.me/253949fc-b561-4250-aa5b-b32da09824d2%2FMaItu_ULTRA.webm?v=1615647081801", "jmcs://jd-contents/MaItu/MaItu_MID.webm": "https://cdn.glitch.me/253949fc-b561-4250-aa5b-b32da09824d2%2FMaItu_MID.webm?v=1615646985324", "jmcs://jd-contents/MaItu/MaItu_LOW.webm": "https://cdn.glitch.me/253949fc-b561-4250-aa5b-b32da09824d2%2FMaItu_LOW.webm?v=1615646930745", "jmcs://jd-contents/MaItu/MaItu_HIGH.webm": "https://cdn.glitch.me/253949fc-b561-4250-aa5b-b32da09824d2%2FMaItu_HIGH.webm?v=1615647011310", "jmcs://jd-contents/MaItu/MaItu.ogg": "https://cdn.glitch.me/253949fc-b561-4250-aa5b-b32da09824d2%2FMaItu.ogg?v=1615646931971"}}