{"__class": "ContentAuthorizationEntry", "duration": 300, "changelist": 564656, "urls": {"jmcs://jd-contents/MakeMeFeel/MakeMeFeel_ULTRA.webm": "https://cdn.glitch.me/c6807563-9703-4452-bd7b-b06e822ec772/MakeMeFeel_ULTRA.webm", "jmcs://jd-contents/MakeMeFeel/MakeMeFeel_MID.webm": "https://cdn.glitch.me/c6807563-9703-4452-bd7b-b06e822ec772/MakeMeFeel_MID.webm", "jmcs://jd-contents/MakeMeFeel/MakeMeFeel_LOW.webm": "https://cdn.glitch.me/c6807563-9703-4452-bd7b-b06e822ec772/MakeMeFeel_LOW.webm", "jmcs://jd-contents/MakeMeFeel/MakeMeFeel_HIGH.webm": "https://cdn.glitch.me/c6807563-9703-4452-bd7b-b06e822ec772/MakeMeFeel_HIGH.webm", "jmcs://jd-contents/MakeMeFeel/MakeMeFeel.ogg": "https://cdn.glitch.me/c6807563-9703-4452-bd7b-b06e822ec772/MakeMeFeel.ogg"}}