{"__class": "ContentAuthorizationEntry", "duration": 300000, "changelist": 300, "urls": {"jmcs://jd-contents/MamaMia/MamaMia_ULTRA.webm": "https://cdn.glitch.me/985cf90c-5f1b-4e8e-8d50-a623651a4b4b%2FMamaMia_ULTRA.webm?v=1612374226157", "jmcs://jd-contents/MamaMia/MamaMia_HIGH.webm": "https://cdn.glitch.me/985cf90c-5f1b-4e8e-8d50-a623651a4b4b%2FMamaMia_HIGH.webm?v=1612374203448", "jmcs://jd-contents/MamaMia/MamaMia_MID.webm": "https://cdn.glitch.me/985cf90c-5f1b-4e8e-8d50-a623651a4b4b%2FMamaMia_MID.webm?v=1612374192114", "jmcs://jd-contents/MamaMia/MamaMia_LOW.webm": "https://cdn.glitch.me/985cf90c-5f1b-4e8e-8d50-a623651a4b4b%2FMamaMia_LOW.webm?v=1612374182171", "jmcs://jd-contents/MamaMia/MamaMia.ogg": "https://cdn.glitch.me/985cf90c-5f1b-4e8e-8d50-a623651a4b4b%2FMamaMia.ogg?v=1612374179960"}}