{"__class": "ContentAuthorizationEntry", "duration": 300, "changelist": 564656, "urls": {"jmcs://jd-contents/Mamasita/Mamasita_ULTRA.webm": "https://cdn.glitch.me/c6807563-9703-4452-bd7b-b06e822ec772/Mamasita_ULTRA.webm", "jmcs://jd-contents/Mamasita/Mamasita_MID.webm": "https://cdn.glitch.me/c6807563-9703-4452-bd7b-b06e822ec772/Mamasita_MID.webm", "jmcs://jd-contents/Mamasita/Mamasita_LOW.webm": "https://cdn.glitch.me/c6807563-9703-4452-bd7b-b06e822ec772/Mamasita_LOW.webm", "jmcs://jd-contents/Mamasita/Mamasita_HIGH.webm": "https://cdn.glitch.me/c6807563-9703-4452-bd7b-b06e822ec772/Mamasita_HIGH.webm", "jmcs://jd-contents/Mamasita/Mamasita.ogg": "https://cdn.glitch.me/c6807563-9703-4452-bd7b-b06e822ec772/Mamasita.ogg"}}