{"__class": "ContentAuthorizationEntry", "duration": 300, "changelist": 280634, "urls": {"jmcs://jd-contents/Maneater/Maneater_ULTRA.webm": "https://jd-s3.akamaized.net/private/map/Maneater/Maneater_ULTRA.webm/c4d9897fed349e009cac1a1ac2eeaad2.webm?auth=exp=16169744543600~acl=/private/map/Maneater/*~hmac=1b8e0fd297b4e0cf481b4273bba9c9e9ac30a7ac02322fb9aa9c6aa5c9f4ffdc", "jmcs://jd-contents/Maneater/Maneater_MID.webm": "https://jd-s3.akamaized.net/private/map/Maneater/Maneater_MID.webm/e1cb107f7c9c59e351c892641b9cd14f.webm?auth=exp=16169744543600~acl=/private/map/Maneater/*~hmac=1b8e0fd297b4e0cf481b4273bba9c9e9ac30a7ac02322fb9aa9c6aa5c9f4ffdc", "jmcs://jd-contents/Maneater/Maneater_LOW.webm": "https://jd-s3.akamaized.net/private/map/Maneater/Maneater_LOW.webm/ee34ff7754055a3800d32457e64b048d.webm?auth=exp=16169744543600~acl=/private/map/Maneater/*~hmac=1b8e0fd297b4e0cf481b4273bba9c9e9ac30a7ac02322fb9aa9c6aa5c9f4ffdc", "jmcs://jd-contents/Maneater/Maneater_HIGH.webm": "https://jd-s3.akamaized.net/private/map/Maneater/Maneater_HIGH.webm/f6a589da0809e5c16e8f792020947201.webm?auth=exp=16169744543600~acl=/private/map/Maneater/*~hmac=1b8e0fd297b4e0cf481b4273bba9c9e9ac30a7ac02322fb9aa9c6aa5c9f4ffdc", "jmcs://jd-contents/Maneater/Maneater.ogg": "https://jd-s3.akamaized.net/private/map/Maneater/Maneater.ogg/dbf7006014c5580ff26d8c1054a4708b.ogg?auth=exp=16169744543600~acl=/private/map/Maneater/*~hmac=1b8e0fd297b4e0cf481b4273bba9c9e9ac30a7ac02322fb9aa9c6aa5c9f4ffdc"}}