{"__class": "ContentAuthorizationEntry", "duration": 300, "changelist": 564656, "urls": {"jmcs://jd-contents/MasterBlaster/MasterBlaster_ULTRA.webm": "https://cdn.glitch.me/c6807563-9703-4452-bd7b-b06e822ec772/MasterBlaster_ULTRA.webm", "jmcs://jd-contents/MasterBlaster/MasterBlaster_MID.webm": "https://cdn.glitch.me/c6807563-9703-4452-bd7b-b06e822ec772/MasterBlaster_MID.webm", "jmcs://jd-contents/MasterBlaster/MasterBlaster_LOW.webm": "https://cdn.glitch.me/c6807563-9703-4452-bd7b-b06e822ec772/MasterBlaster_LOW.webm", "jmcs://jd-contents/MasterBlaster/MasterBlaster_HIGH.webm": "https://cdn.glitch.me/c6807563-9703-4452-bd7b-b06e822ec772/MasterBlaster_HIGH.webm", "jmcs://jd-contents/MasterBlaster/MasterBlaster.ogg": "https://cdn.glitch.me/c6807563-9703-4452-bd7b-b06e822ec772/MasterBlaster.ogg"}}