{"__class": "ContentAuthorizationEntry", "duration": 300, "changelist": 466919, "urls": {"jmcs://jd-contents/MedicinaALT/MedicinaALT_ULTRA.webm": "https://cdn.glitch.me/da420b31-7737-45a1-b1e4-809473a2fcd0%2FMedicinaALT_ULTRA.webm?v=1613228999980", "jmcs://jd-contents/MedicinaALT/MedicinaALT_MID.webm": "https://cdn.glitch.me/da420b31-7737-45a1-b1e4-809473a2fcd0%2FMedicinaALT_MID.webm?v=1613228841961", "jmcs://jd-contents/MedicinaALT/MedicinaALT_LOW.webm": "https://cdn.glitch.me/da420b31-7737-45a1-b1e4-809473a2fcd0%2FMedicinaALT_LOW.webm?v=1613228766972", "jmcs://jd-contents/MedicinaALT/MedicinaALT_HIGH.webm": "https://cdn.glitch.me/da420b31-7737-45a1-b1e4-809473a2fcd0%2FMedicinaALT_HIGH.webm?v=1613228872276", "jmcs://jd-contents/MedicinaALT/MedicinaALT.ogg": "https://cdn.glitch.me/da420b31-7737-45a1-b1e4-809473a2fcd0%2FMedicinaALT.ogg?v=1613228741127"}}