{"__class": "ContentAuthorizationEntry", "duration": 300, "changelist": 480634, "urls": {"jmcs://jd-contents/MeToo/MeToo_ULTRA.webm": "https://cdn.glitch.me/987fcfcc-18ca-4bb2-8005-77d9754b14a6%2FMeToo_ULTRA.webm", "jmcs://jd-contents/MeToo/MeToo_MID.webm": "https://cdn.glitch.me/987fcfcc-18ca-4bb2-8005-77d9754b14a6%2FMeToo_MID.webm", "jmcs://jd-contents/MeToo/MeToo_LOW.webm": "https://cdn.glitch.me/987fcfcc-18ca-4bb2-8005-77d9754b14a6%2FMeToo_LOW.webm", "jmcs://jd-contents/MeToo/MeToo_HIGH.webm": "https://cdn.glitch.me/987fcfcc-18ca-4bb2-8005-77d9754b14a6%2FMeToo_HIGH.webm", "jmcs://jd-contents/MeToo/MeToo.ogg": "https://cdn.glitch.me/987fcfcc-18ca-4bb2-8005-77d9754b14a6%2FMeToo.ogg"}}