{"__class": "ContentAuthorizationEntry", "duration": 300, "changelist": 280634, "urls": {"jmcs://jd-contents/MiGente/MiGente_ULTRA.webm": "https://cdn.glitch.me/a34690a7-28a9-41f2-b75c-eb3501ba1fdd%2FMiGente_HIGH.webm?v=1608842987388", "jmcs://jd-contents/MiGente/MiGente_ULTRA.hd.webm": "https://cdn.glitch.me/a34690a7-28a9-41f2-b75c-eb3501ba1fdd%2FMiGente_HIGH.webm?v=1608842987388", "jmcs://jd-contents/MiGente/MiGente_MID.webm": "https://cdn.glitch.me/a34690a7-28a9-41f2-b75c-eb3501ba1fdd%2FMiGente_MID.webm?v=1608842952022", "jmcs://jd-contents/MiGente/MiGente_MID.hd.webm": "https://cdn.glitch.me/a34690a7-28a9-41f2-b75c-eb3501ba1fdd%2FMiGente_MID.webm?v=1608842952022", "jmcs://jd-contents/MiGente/MiGente_LOW.webm": "https://cdn.glitch.me/a34690a7-28a9-41f2-b75c-eb3501ba1fdd%2FMiGente_LOW.webm?v=1608842870489", "jmcs://jd-contents/MiGente/MiGente_LOW.hd.webm": "https://cdn.glitch.me/a34690a7-28a9-41f2-b75c-eb3501ba1fdd%2FMiGente_LOW.webm?v=1608842870489", "jmcs://jd-contents/MiGente/MiGente_HIGH.webm": "https://cdn.glitch.me/a34690a7-28a9-41f2-b75c-eb3501ba1fdd%2FMiGente_HIGH.webm?v=1608842987388", "jmcs://jd-contents/MiGente/MiGente_HIGH.hd.webm": "https://cdn.glitch.me/a34690a7-28a9-41f2-b75c-eb3501ba1fdd%2FMiGente_HIGH.webm?v=1608842987388", "jmcs://jd-contents/MiGente/MiGente.ogg": "https://cdn.glitch.me/a34690a7-28a9-41f2-b75c-eb3501ba1fdd%2FMiGente.ogg?v=1608842850508"}}