{"__class": "ContentAuthorizationEntry", "duration": 300000, "changelist": 300, "urls": {"jmcs://jd-contents/MiloscW/MiloscW_ULTRA.webm": "https://cdn.glitch.me/a26ba0ac-032e-4eda-a9f6-6db88289ff87%2FMiloscW_ULTRA.webm?v=1616091521368", "jmcs://jd-contents/MiloscW/MiloscW_HIGH.webm": "https://cdn.glitch.me/a26ba0ac-032e-4eda-a9f6-6db88289ff87%2FMiloscW_HIGH.webm?v=1616090804364", "jmcs://jd-contents/MiloscW/MiloscW_MID.webm": "https://cdn.glitch.me/a26ba0ac-032e-4eda-a9f6-6db88289ff87%2FMiloscW_MID.webm?v=1616090264111", "jmcs://jd-contents/MiloscW/MiloscW_LOW.webm": "https://cdn.glitch.me/a26ba0ac-032e-4eda-a9f6-6db88289ff87%2FMiloscW_LOW.webm?v=1616090062047", "jmcs://jd-contents/MiloscW/MiloscW.ogg": "https://cdn.glitch.me/a26ba0ac-032e-4eda-a9f6-6db88289ff87%2FMiloscW.ogg?v=1616089355245"}}