{"__class": "ContentAuthorizationEntry", "duration": 300, "changelist": 280634, "urls": {"jmcs://jd-contents/Misunderstood/Misunderstood_ULTRA.webm": "https://cdn.glitch.me/a34690a7-28a9-41f2-b75c-eb3501ba1fdd%2FMisunderstood_high.webm?v=1609980053202", "jmcs://jd-contents/Misunderstood/Misunderstood_ULTRA.hd.webm": "https://cdn.glitch.me/a34690a7-28a9-41f2-b75c-eb3501ba1fdd%2FMisunderstood_high.webm?v=1609980053202", "jmcs://jd-contents/Misunderstood/Misunderstood_MID.webm": "https://cdn.glitch.me/a34690a7-28a9-41f2-b75c-eb3501ba1fdd%2FMisunderstood_mid.webm?v=1609980015754", "jmcs://jd-contents/Misunderstood/Misunderstood_MID.hd.webm": "https://cdn.glitch.me/a34690a7-28a9-41f2-b75c-eb3501ba1fdd%2FMisunderstood_mid.webm?v=1609980015754", "jmcs://jd-contents/Misunderstood/Misunderstood_LOW.webm": "https://cdn.glitch.me/a34690a7-28a9-41f2-b75c-eb3501ba1fdd%2FMisunderstood_low.webm?v=1609979957244", "jmcs://jd-contents/Misunderstood/Misunderstood_LOW.hd.webm": "https://cdn.glitch.me/a34690a7-28a9-41f2-b75c-eb3501ba1fdd%2FMisunderstood_low.webm?v=1609979957244", "jmcs://jd-contents/Misunderstood/Misunderstood_HIGH.webm": "https://cdn.glitch.me/a34690a7-28a9-41f2-b75c-eb3501ba1fdd%2FMisunderstood_high.webm?v=1609980053202", "jmcs://jd-contents/Misunderstood/Misunderstood_HIGH.hd.webm": "https://cdn.glitch.me/a34690a7-28a9-41f2-b75c-eb3501ba1fdd%2FMisunderstood_high.webm?v=1609980053202", "jmcs://jd-contents/Misunderstood/Misunderstood.ogg": "https://cdn.glitch.me/a34690a7-28a9-41f2-b75c-eb3501ba1fdd%2FMisunderstood.ogg?v=1609979944811"}}