{"__class": "ContentAuthorizationEntry", "duration": 300, "changelist": 480634, "urls": {"jmcs://jd-contents/Misunderstood/Misunderstood_ULTRA.webm": "https://cdn.glitch.me/987fcfcc-18ca-4bb2-8005-77d9754b14a6%2FMisunderstood_ULTRA.webm", "jmcs://jd-contents/Misunderstood/Misunderstood_MID.webm": "https://cdn.glitch.me/987fcfcc-18ca-4bb2-8005-77d9754b14a6%2FMisunderstood_MID.webm", "jmcs://jd-contents/Misunderstood/Misunderstood_LOW.webm": "https://cdn.glitch.me/987fcfcc-18ca-4bb2-8005-77d9754b14a6%2FMisunderstood_LOW.webm", "jmcs://jd-contents/Misunderstood/Misunderstood_HIGH.webm": "https://cdn.glitch.me/987fcfcc-18ca-4bb2-8005-77d9754b14a6%2FMisunderstood_HIGH.webm", "jmcs://jd-contents/Misunderstood/Misunderstood.ogg": "https://cdn.glitch.me/987fcfcc-18ca-4bb2-8005-77d9754b14a6%2FMisunderstood.ogg"}}