{"__class": "ContentAuthorizationEntry", "duration": 300, "changelist": 280634, "urls": {"jmcs://jd-contents/MiteMite/MiteMite_ULTRA.webm": "https://cdn.glitch.me/ba2f166c-56b8-4b5b-895a-085e0140c4bf/MiteMite_ULTRA.webm", "jmcs://jd-contents/MiteMite/MiteMite_MID.webm": "https://cdn.glitch.me/ba2f166c-56b8-4b5b-895a-085e0140c4bf/MiteMite_MID.webm", "jmcs://jd-contents/MiteMite/MiteMite_LOW.webm": "https://cdn.glitch.me/ba2f166c-56b8-4b5b-895a-085e0140c4bf/MiteMite_LOW.webm", "jmcs://jd-contents/MiteMite/MiteMite_HIGH.webm": "https://cdn.glitch.me/ba2f166c-56b8-4b5b-895a-085e0140c4bf/MiteMite_HIGH.webm", "jmcs://jd-contents/MiteMite/MiteMite.ogg": "https://cdn.glitch.me/ba2f166c-56b8-4b5b-895a-085e0140c4bf/MiteMite.ogg"}}