{"__class": "ContentAuthorizationEntry", "duration": 300, "changelist": 564656, "urls": {"jmcs://jd-contents/MonsterMash/MonsterMash_ULTRA.webm": "https://cdn.glitch.me/c6807563-9703-4452-bd7b-b06e822ec772/MonsterMash_ULTRA.webm", "jmcs://jd-contents/MonsterMash/MonsterMash_MID.webm": "https://cdn.glitch.me/c6807563-9703-4452-bd7b-b06e822ec772/MonsterMash_MID.webm", "jmcs://jd-contents/MonsterMash/MonsterMash_LOW.webm": "https://cdn.glitch.me/c6807563-9703-4452-bd7b-b06e822ec772/MonsterMash_LOW.webm", "jmcs://jd-contents/MonsterMash/MonsterMash_HIGH.webm": "https://cdn.glitch.me/c6807563-9703-4452-bd7b-b06e822ec772/MonsterMash_HIGH.webm", "jmcs://jd-contents/MonsterMash/MonsterMash.ogg": "https://cdn.glitch.me/c6807563-9703-4452-bd7b-b06e822ec772/MonsterMash.ogg"}}