{"__class": "ContentAuthorizationEntry", "duration": 300, "changelist": 535312, "urls": {"jmcs://jd-contents/MoodALT/MoodALT_ULTRA.webm": "https://cdn.glitch.me/5f723157-3676-4102-a72b-6acbaa1c7923%2FMoodALT_ULTRA.webm", "jmcs://jd-contents/MoodALT/MoodALT_MID.webm": "https://cdn.glitch.me/5f723157-3676-4102-a72b-6acbaa1c7923%2FMoodALT_MID.webm", "jmcs://jd-contents/MoodALT/MoodALT_LOW.webm": "https://cdn.glitch.me/5f723157-3676-4102-a72b-6acbaa1c7923%2FMoodALT_LOW.webm", "jmcs://jd-contents/MoodALT/MoodALT_HIGH.webm": "https://cdn.glitch.me/5f723157-3676-4102-a72b-6acbaa1c7923%2FMoodALT_HIGH.webm", "jmcs://jd-contents/MoodALT/MoodALT.ogg": "https://cdn.glitch.me/5f723157-3676-4102-a72b-6acbaa1c7923%2FMoodALT.ogg"}}