{"__class": "ContentAuthorizationEntry", "duration": 300, "changelist": 480634, "urls": {"jmcs://jd-contents/Moskau/Moskau_ULTRA.webm": "https://cdn.glitch.me/987fcfcc-18ca-4bb2-8005-77d9754b14a6%2FMoskau_ULTRA.webm?v=1626662441428", "jmcs://jd-contents/Moskau/Moskau_MID.webm": "https://cdn.glitch.me/987fcfcc-18ca-4bb2-8005-77d9754b14a6%2FMoskau_MID.webm?v=1626662441428", "jmcs://jd-contents/Moskau/Moskau_LOW.webm": "https://cdn.glitch.me/987fcfcc-18ca-4bb2-8005-77d9754b14a6%2FMoskau_LOW.webm?v=1626662441428", "jmcs://jd-contents/Moskau/Moskau_HIGH.webm": "https://cdn.glitch.me/987fcfcc-18ca-4bb2-8005-77d9754b14a6%2FMoskau_HIGH.webm?v=1626662441428", "jmcs://jd-contents/Moskau/Moskau.ogg": "https://cdn.glitch.me/987fcfcc-18ca-4bb2-8005-77d9754b14a6%2FMoskau.ogg?v=1626662323938"}}