{"__class": "ContentAuthorizationEntry", "duration": 300, "changelist": 564656, "urls": {"jmcs://jd-contents/MoveYourFeet/MoveYourFeet_ULTRA.webm": "https://cdn.glitch.me/d3bd9252-eb09-4dd8-9a8b-23936a86df9d%2FMoveYourFeet_ULTRA.webm?v=1613062056353", "jmcs://jd-contents/MoveYourFeet/MoveYourFeet_MID.webm": "https://cdn.glitch.me/d3bd9252-eb09-4dd8-9a8b-23936a86df9d%2FMoveYourFeet_MID.webm?v=1613062076363", "jmcs://jd-contents/MoveYourFeet/MoveYourFeet_LOW.webm": "https://cdn.glitch.me/d3bd9252-eb09-4dd8-9a8b-23936a86df9d%2FMoveYourFeet_LOW.webm?v=1613061889356", "jmcs://jd-contents/MoveYourFeet/MoveYourFeet_HIGH.webm": "https://cdn.glitch.me/d3bd9252-eb09-4dd8-9a8b-23936a86df9d%2FMoveYourFeet_HIGH.webm?v=1613062056353", "jmcs://jd-contents/MoveYourFeet/MoveYourFeet.ogg": "https://cdn.glitch.me/d3bd9252-eb09-4dd8-9a8b-23936a86df9d%2FMoveYourFeet_audio.ogg?v=1613061932350"}}