{"__class": "ContentAuthorizationEntry", "duration": 300, "changelist": 509807, "urls": {"jmcs://jd-contents/MovesLikeDLC/MovesLikeDLC_ULTRA.webm": "https://cdn.glitch.me/a105e60c-c9c3-44cf-9cf0-6b9553c1bee4%2Fmovelikeultra.webm?v=1608981106499", "jmcs://jd-contents/MovesLikeDLC/MovesLikeDLC_MID.webm": "https://cdn.glitch.me/a105e60c-c9c3-44cf-9cf0-6b9553c1bee4%2Fmovelikemid.webm?v=1608980046432", "jmcs://jd-contents/MovesLikeDLC/MovesLikeDLC_LOW.webm": "https://cdn.glitch.me/a105e60c-c9c3-44cf-9cf0-6b9553c1bee4%2Fmovelikelow.webm?v=1608979324223", "jmcs://jd-contents/MovesLikeDLC/MovesLikeDLC_HIGH.webm": "https://cdn.glitch.me/a105e60c-c9c3-44cf-9cf0-6b9553c1bee4%2Fmovelikedlchigh.webm?v=1608980561590", "jmcs://jd-contents/MovesLikeDLC/MovesLikeDLC_ULTRA.hd.webm": "https://cdn.glitch.me/a105e60c-c9c3-44cf-9cf0-6b9553c1bee4%2Fmoveslikeultrahd.webm?v=1608980906412", "jmcs://jd-contents/MovesLikeDLC/MovesLikeDLC_MID.hd.webm": "https://cdn.glitch.me/a105e60c-c9c3-44cf-9cf0-6b9553c1bee4%2Fmovelikemidhd.webm?v=1608979988286", "jmcs://jd-contents/MovesLikeDLC/MovesLikeDLC_LOW.hd.webm": "https://cdn.glitch.me/a105e60c-c9c3-44cf-9cf0-6b9553c1bee4%2Fmovelikelowhd.webm?v=1608979277209", "jmcs://jd-contents/MovesLikeDLC/MovesLikeDLC_HIGH.hd.webm": "https://cdn.glitch.me/a105e60c-c9c3-44cf-9cf0-6b9553c1bee4%2Fmovelikehighhd.webm?v=1608980572412", "jmcs://jd-contents/MovesLikeDLC/MovesLikeDLC.ogg": "https://cdn.glitch.me/a105e60c-c9c3-44cf-9cf0-6b9553c1bee4%2Fmove%20like%20ogg.ogg?v=1608979242858"}}