{"__class": "ContentAuthorizationEntry", "duration": 300, "changelist": 564656, "urls": {"jmcs://jd-contents/MugsyBaloney/MugsyBaloney_ULTRA.webm": "https://cdn.glitch.me/c6807563-9703-4452-bd7b-b06e822ec772/MugsyBaloney_ULTRA.webm", "jmcs://jd-contents/MugsyBaloney/MugsyBaloney_MID.webm": "https://cdn.glitch.me/c6807563-9703-4452-bd7b-b06e822ec772/MugsyBaloney_MID.webm", "jmcs://jd-contents/MugsyBaloney/MugsyBaloney_LOW.webm": "https://cdn.glitch.me/c6807563-9703-4452-bd7b-b06e822ec772/MugsyBaloney_LOW.webm", "jmcs://jd-contents/MugsyBaloney/MugsyBaloney_HIGH.webm": "https://cdn.glitch.me/c6807563-9703-4452-bd7b-b06e822ec772/MugsyBaloney_HIGH.webm", "jmcs://jd-contents/MugsyBaloney/MugsyBaloney.ogg": "https://cdn.glitch.me/c6807563-9703-4452-bd7b-b06e822ec772/MugsyBaloney.ogg"}}