{"__class": "ContentAuthorizationEntry", "duration": 300000, "changelist": 300, "urls": {"jmcs://jd-contents/Narco/Narco_ULTRA.webm": "https://cdn.glitch.me/a26ba0ac-032e-4eda-a9f6-6db88289ff87%2FNarco_ULTRA.webm?v=1616290527321", "jmcs://jd-contents/Narco/Narco_HIGH.webm": "https://cdn.glitch.me/a26ba0ac-032e-4eda-a9f6-6db88289ff87%2FNarco_HIGH.webm?v=1616290216325", "jmcs://jd-contents/Narco/Narco_MID.webm": "https://cdn.glitch.me/a26ba0ac-032e-4eda-a9f6-6db88289ff87%2FNarco_MID.webm?v=1616289981331", "jmcs://jd-contents/Narco/Narco_LOW.webm": "https://cdn.glitch.me/a26ba0ac-032e-4eda-a9f6-6db88289ff87%2FNarco_LOW.webm?v=1616289832760", "jmcs://jd-contents/Narco/Narco.ogg": "https://cdn.glitch.me/a26ba0ac-032e-4eda-a9f6-6db88289ff87%2FNarco.ogg?v=1616289759074"}}