{"__class": "ContentAuthorizationEntry", "duration": 300, "changelist": 280634, "urls": {"jmcs://jd-contents/Natoo/Natoo_ULTRA.webm": "https://cdn.glitch.me/a34690a7-28a9-41f2-b75c-eb3501ba1fdd%2FNatoo_HIGH.webm?v=1608846928450", "jmcs://jd-contents/Natoo/Natoo_ULTRA.hd.webm": "https://cdn.glitch.me/a34690a7-28a9-41f2-b75c-eb3501ba1fdd%2FNatoo_HIGH.webm?v=1608846928450", "jmcs://jd-contents/Natoo/Natoo_MID.webm": "https://cdn.glitch.me/a34690a7-28a9-41f2-b75c-eb3501ba1fdd%2FNatoo_MID.webm?v=1608846872501", "jmcs://jd-contents/Natoo/Natoo_MID.hd.webm": "https://cdn.glitch.me/a34690a7-28a9-41f2-b75c-eb3501ba1fdd%2FNatoo_MID.webm?v=1608846872501", "jmcs://jd-contents/Natoo/Natoo_LOW.webm": "https://cdn.glitch.me/a34690a7-28a9-41f2-b75c-eb3501ba1fdd%2FNatoo_LOW.webm?v=1608846817439", "jmcs://jd-contents/Natoo/Natoo_LOW.hd.webm": "https://cdn.glitch.me/a34690a7-28a9-41f2-b75c-eb3501ba1fdd%2FNatoo_LOW.webm?v=1608846817439", "jmcs://jd-contents/Natoo/Natoo_HIGH.webm": "https://cdn.glitch.me/a34690a7-28a9-41f2-b75c-eb3501ba1fdd%2FNatoo_HIGH.webm?v=1608846928450", "jmcs://jd-contents/Natoo/Natoo_HIGH.hd.webm": "https://cdn.glitch.me/a34690a7-28a9-41f2-b75c-eb3501ba1fdd%2FNatoo_HIGH.webm?v=1608846928450", "jmcs://jd-contents/Natoo/Natoo.ogg": "https://cdn.glitch.me/a34690a7-28a9-41f2-b75c-eb3501ba1fdd%2FNatoo.ogg?v=1608846789572"}}