{"__class": "ContentAuthorizationEntry", "duration": 300, "changelist": 280634, "urls": {"jmcs://jd-contents/NaughtyGirlALT/NaughtyGirlALT_ULTRA.webm": "https://cdn.glitch.me/1e470643-7e14-406d-9c5e-20609896fa11%2FNaughtyGirlALT_ULTRA.webm?v=1610542116758", "jmcs://jd-contents/NaughtyGirlALT/NaughtyGirlALT_MID.webm": "https://cdn.glitch.me/1e470643-7e14-406d-9c5e-20609896fa11%2FNaughtyGirlALT_MID.webm?v=1610542087833", "jmcs://jd-contents/NaughtyGirlALT/NaughtyGirlALT_LOW.webm": "https://cdn.glitch.me/1e470643-7e14-406d-9c5e-20609896fa11%2FNaughtyGirlALT_LOW.webm?v=1610542033761", "jmcs://jd-contents/NaughtyGirlALT/NaughtyGirlALT_HIGH.webm": "https://cdn.glitch.me/1e470643-7e14-406d-9c5e-20609896fa11%2FNaughtyGirlALT_ULTRA.webm?v=1610542116758", "jmcs://jd-contents/NaughtyGirlALT/NaughtyGirlALT.ogg": "https://cdn.glitch.me/1e470643-7e14-406d-9c5e-20609896fa11%2FNaughtyGirlALT_audio.ogg?v=1610541575044"}}