{"__class": "ContentAuthorizationEntry", "duration": 300, "changelist": 466919, "urls": {"jmcs://jd-contents/NaughtyGirl/NaughtyGirl_ULTRA.webm": "https://cdn.glitch.me/3211fff3-f0e7-44ba-82a0-05eff5683c4e/NaughtyGirl_ULTRA.webm", "jmcs://jd-contents/NaughtyGirl/NaughtyGirl_MID.webm": "https://cdn.glitch.me/3211fff3-f0e7-44ba-82a0-05eff5683c4e/NaughtyGirl_MID.webm", "jmcs://jd-contents/NaughtyGirl/NaughtyGirl_LOW.webm": "https://cdn.glitch.me/3211fff3-f0e7-44ba-82a0-05eff5683c4e/NaughtyGirl_LOW.webm", "jmcs://jd-contents/NaughtyGirl/NaughtyGirl_HIGH.webm": "https://cdn.glitch.me/3211fff3-f0e7-44ba-82a0-05eff5683c4e/NaughtyGirl_HIGH.webm", "jmcs://jd-contents/NaughtyGirl/NaughtyGirl.ogg": "https://cdn.glitch.me/3211fff3-f0e7-44ba-82a0-05eff5683c4e/NaughtyGirl.ogg"}}