{"__class": "ContentAuthorizationEntry", "duration": 300, "changelist": 564656, "urls": {"jmcs://jd-contents/NeverCanSay/NeverCanSay_ULTRA.webm": "https://cdn.glitch.me/c6807563-9703-4452-bd7b-b06e822ec772/NeverCanSay_ULTRA.webm", "jmcs://jd-contents/NeverCanSay/NeverCanSay_MID.webm": "https://cdn.glitch.me/c6807563-9703-4452-bd7b-b06e822ec772/NeverCanSay_MID.webm", "jmcs://jd-contents/NeverCanSay/NeverCanSay_LOW.webm": "https://cdn.glitch.me/c6807563-9703-4452-bd7b-b06e822ec772/NeverCanSay_LOW.webm", "jmcs://jd-contents/NeverCanSay/NeverCanSay_HIGH.webm": "https://cdn.glitch.me/c6807563-9703-4452-bd7b-b06e822ec772/NeverCanSay_HIGH.webm", "jmcs://jd-contents/NeverCanSay/NeverCanSay.ogg": "https://cdn.glitch.me/c6807563-9703-4452-bd7b-b06e822ec772/NeverCanSay.ogg"}}