{"__class": "ContentAuthorizationEntry", "duration": 300, "changelist": 466919, "urls": {"jmcs://jd-contents/NewRulesALT/NewRulesALT_ULTRA.webm": "https://cdn.glitch.me/922d07fc-235c-4006-a1d2-cdae305c9fb6%2FNewRulesALT_ULTRA.webm?v=1608665838817", "jmcs://jd-contents/NewRulesALT/NewRulesALT_MID.webm": "https://cdn.glitch.me/922d07fc-235c-4006-a1d2-cdae305c9fb6%2FNewRulesALT_MID.webm?v=1608665648253", "jmcs://jd-contents/NewRulesALT/NewRulesALT_LOW.webm": "https://cdn.glitch.me/922d07fc-235c-4006-a1d2-cdae305c9fb6%2FNewRulesALT_LOW.webm?v=1608665608485", "jmcs://jd-contents/NewRulesALT/NewRulesALT_HIGH.webm": "https://cdn.glitch.me/922d07fc-235c-4006-a1d2-cdae305c9fb6%2FNewRulesALT_HIGH.webm?v=1608665697126", "jmcs://jd-contents/NewRulesALT/NewRulesALT.ogg": "https://cdn.glitch.me/922d07fc-235c-4006-a1d2-cdae305c9fb6%2FNewRulesALT.ogg?v=1608665600551"}}