{"__class": "ContentAuthorizationEntry", "duration": 300000, "changelist": 300, "urls": {"jmcs://jd-contents/NewRules/NewRules_ULTRA.webm": "https://cdn.glitch.me/a26ba0ac-032e-4eda-a9f6-6db88289ff87%2FNewRules_ULTRA.webm?v=1616290546409", "jmcs://jd-contents/NewRules/NewRules_HIGH.webm": "https://cdn.glitch.me/a26ba0ac-032e-4eda-a9f6-6db88289ff87%2FNewRules_HIGH.webm?v=1616290206324", "jmcs://jd-contents/NewRules/NewRules_MID.webm": "https://cdn.glitch.me/a26ba0ac-032e-4eda-a9f6-6db88289ff87%2FNewRules_MID.webm?v=1616289971365", "jmcs://jd-contents/NewRules/NewRules_LOW.webm": "https://cdn.glitch.me/a26ba0ac-032e-4eda-a9f6-6db88289ff87%2FNewRules_LOW.webm?v=1616289828877", "jmcs://jd-contents/NewRules/NewRules.ogg": "https://cdn.glitch.me/a26ba0ac-032e-4eda-a9f6-6db88289ff87%2FNewRules.ogg?v=1616289759460"}}