{"__class": "ContentAuthorizationEntry", "duration": 300000, "changelist": 300, "urls": {"jmcs://jd-contents/NewReality/NewReality_ULTRA.webm": "https://cdn.glitch.me/a26ba0ac-032e-4eda-a9f6-6db88289ff87%2FNewReality_ULTRA.webm?v=1616290496843", "jmcs://jd-contents/NewReality/NewReality_HIGH.webm": "https://cdn.glitch.me/a26ba0ac-032e-4eda-a9f6-6db88289ff87%2FNewReality_HIGH.webm?v=1616290278337", "jmcs://jd-contents/NewReality/NewReality_MID.webm": "https://cdn.glitch.me/a26ba0ac-032e-4eda-a9f6-6db88289ff87%2FNewReality_MID.webm?v=1616290013346", "jmcs://jd-contents/NewReality/NewReality_LOW.webm": "https://cdn.glitch.me/a26ba0ac-032e-4eda-a9f6-6db88289ff87%2FNewReality_LOW.webm?v=1616289828877", "jmcs://jd-contents/NewReality/NewReality.ogg": "https://cdn.glitch.me/a26ba0ac-032e-4eda-a9f6-6db88289ff87%2FNewReality.ogg?v=1616289758692"}}