{"__class": "ContentAuthorizationEntry", "duration": 300000, "changelist": 300, "urls": {"jmcs://jd-contents/NewWorld/NewWorld_ULTRA.webm": "https://cdn.glitch.me/a26ba0ac-032e-4eda-a9f6-6db88289ff87%2FNewWorld_ULTRA.webm?v=1616290521356", "jmcs://jd-contents/NewWorld/NewWorld_HIGH.webm": "https://cdn.glitch.me/a26ba0ac-032e-4eda-a9f6-6db88289ff87%2FNewWorld_HIGH.webm?v=1616290079365", "jmcs://jd-contents/NewWorld/NewWorld_MID.webm": "https://cdn.glitch.me/a26ba0ac-032e-4eda-a9f6-6db88289ff87%2FNewWorld_MID.webm?v=1616289981331", "jmcs://jd-contents/NewWorld/NewWorld_LOW.webm": "https://cdn.glitch.me/a26ba0ac-032e-4eda-a9f6-6db88289ff87%2FNewWorld_LOW.webm?v=1616289811233", "jmcs://jd-contents/NewWorld/NewWorld.ogg": "https://cdn.glitch.me/a26ba0ac-032e-4eda-a9f6-6db88289ff87%2FNewWorld.ogg?v=1616289755927"}}