{"__class": "ContentAuthorizationEntry", "duration": 300000, "changelist": 300, "urls": {"jmcs://jd-contents/NiceForWhat/NiceForWhat_ULTRA.webm": "https://cdn.glitch.me/a26ba0ac-032e-4eda-a9f6-6db88289ff87%2Fclean.niceforwhat_ULTRA.webm?v=1616181250007", "jmcs://jd-contents/NiceForWhat/NiceForWhat_HIGH.webm": "https://cdn.glitch.me/a26ba0ac-032e-4eda-a9f6-6db88289ff87%2Fclean.niceforwhat_ULTRA.webm?v=1616181250007", "jmcs://jd-contents/NiceForWhat/NiceForWhat_MID.webm": "https://cdn.glitch.me/a26ba0ac-032e-4eda-a9f6-6db88289ff87%2Fclean.niceforwhat_MID.webm?v=1616181186683", "jmcs://jd-contents/NiceForWhat/NiceForWhat_LOW.webm": "https://cdn.glitch.me/a26ba0ac-032e-4eda-a9f6-6db88289ff87%2Fclean.niceforwhat_LOW.webm?v=1616181104244", "jmcs://jd-contents/NiceForWhat/NiceForWhat.ogg": "https://cdn.glitch.me/a26ba0ac-032e-4eda-a9f6-6db88289ff87%2FNiceForWhataudio.ogg?v=1616180755828"}}