{
  "__class": "JD_CarouselContent",
  "categories": [
    {
      "__class": "Category",
      "title": "Just Dance 2017",
      "act": "ui_carousel",
      "isc": "grp_row",
      "items": [
        {
          "__class": "Item",
          "offlineRequest": {
            "__class": "JD_CarouselMapRequest",
            "actionListName": "partyMap",
            "actionListNameUpsell": "_None",
            "includedTags": ["main", "alternate"],
            "offline": true,
            "order": "title",
            "originalJDVersion": 2017,
            "uuid": "5f3d837c-54d1-46e4-88f7-327b7ff6fff0"
          }
        }
      ]
    },
    {
      "__class": "Category",
      "title": "Favorites",
      "act": "ui_carousel",
      "isc": "grp_row_favorite",
      "items": []
    },
    {
      "__class": "Category",
      "title": "Just Dance Cosmos",
      "act": "ui_carousel",
      "isc": "grp_row",
      "items": []
    },
    {
      "__class": "Category",
      "title": "Just Dance",
      "act": "ui_carousel",
      "isc": "grp_row",
      "items": []
    },
    {
      "__class": "Category",
      "title": "Just Dance 2",
      "act": "ui_carousel",
      "isc": "grp_row",
      "items": []
    },
    {
      "__class": "Category",
      "title": "Just Dance 3",
      "act": "ui_carousel",
      "isc": "grp_row",
      "items": []
    },
    {
      "__class": "Category",
      "title": "Just Dance 4",
      "act": "ui_carousel",
      "isc": "grp_row",
      "items": []
    },
    {
      "__class": "Category",
      "title": "Just Dance 2014",
      "act": "ui_carousel",
      "isc": "grp_row",
      "items": []
    },
    {
      "__class": "Category",
      "title": "Just Dance 2015",
      "act": "ui_carousel",
      "isc": "grp_row",
      "items": []
    },
    {
      "__class": "Category",
      "title": "Just Dance 2016",
      "act": "ui_carousel",
      "isc": "grp_row",
      "items": []
    },
    {
      "__class": "Category",
      "title": "Just Dance 2017",
      "act": "ui_carousel",
      "isc": "grp_row",
      "items": [
        {
          "__class": "Item",
          "isc": "grp_cover",
          "act": "ui_component_base",
          "components": [
            {
              "__class": "JD_CarouselContentComponent_Song",
              "mapName": "AintMy"
            }
          ],
          "actionList": "partyMap"
        },
        {
          "__class": "Item",
          "isc": "grp_cover",
          "act": "ui_component_base",
          "components": [
            {
              "__class": "JD_CarouselContentComponent_Song",
              "mapName": "AllAboutUs"
            }
          ],
          "actionList": "partyMap"
        },
        {
          "__class": "Item",
          "isc": "grp_cover",
          "act": "ui_component_base",
          "components": [
            {
              "__class": "JD_CarouselContentComponent_Song",
              "mapName": "Bailar"
            }
          ],
          "actionList": "partyMap"
        },
        {
          "__class": "Item",
          "isc": "grp_cover",
          "act": "ui_component_base",
          "components": [
            {
              "__class": "JD_CarouselContentComponent_Song",
              "mapName": "Bang"
            }
          ],
          "actionList": "partyMap"
        },
        {
          "__class": "Item",
          "isc": "grp_cover",
          "act": "ui_component_base",
          "components": [
            {
              "__class": "JD_CarouselContentComponent_Song",
              "mapName": "Bonbon"
            }
          ],
          "actionList": "partyMap"
        },
        {
          "__class": "Item",
          "isc": "grp_cover",
          "act": "ui_component_base",
          "components": [
            {
              "__class": "JD_CarouselContentComponent_Song",
              "mapName": "CakeByTheOcean"
            }
          ],
          "actionList": "partyMap"
        },
        {
          "__class": "Item",
          "isc": "grp_cover",
          "act": "ui_component_base",
          "components": [
            {
              "__class": "JD_CarouselContentComponent_Song",
              "mapName": "CakeByTheOceanALT"
            }
          ],
          "actionList": "partyMap"
        },
        {
          "__class": "Item",
          "isc": "grp_cover",
          "act": "ui_component_base",
          "components": [
            {
              "__class": "JD_CarouselContentComponent_Song",
              "mapName": "CantFeelMyFace"
            }
          ],
          "actionList": "partyMap"
        },
        {
          "__class": "Item",
          "isc": "grp_cover",
          "act": "ui_component_base",
          "components": [
            {
              "__class": "JD_CarouselContentComponent_Song",
              "mapName": "Samba"
            }
          ],
          "actionList": "partyMap"
        },
        {
          "__class": "Item",
          "isc": "grp_cover",
          "act": "ui_component_base",
          "components": [
            {
              "__class": "JD_CarouselContentComponent_Song",
              "mapName": "CheapThrills"
            }
          ],
          "actionList": "partyMap"
        },
        {
          "__class": "Item",
          "isc": "grp_cover",
          "act": "ui_component_base",
          "components": [
            {
              "__class": "JD_CarouselContentComponent_Song",
              "mapName": "CheapThrillsALT"
            }
          ],
          "actionList": "partyMap"
        },
        {
          "__class": "Item",
          "isc": "grp_cover",
          "act": "ui_component_base",
          "components": [
            {
              "__class": "JD_CarouselContentComponent_Song",
              "mapName": "Barbie"
            }
          ],
          "actionList": "partyMap"
        },
        {
          "__class": "Item",
          "isc": "grp_cover",
          "act": "ui_component_base",
          "components": [
            {
              "__class": "JD_CarouselContentComponent_Song",
              "mapName": "ColaSong"
            }
          ],
          "actionList": "partyMap"
        },
        {
          "__class": "Item",
          "isc": "grp_cover",
          "act": "ui_component_base",
          "components": [
            {
              "__class": "JD_CarouselContentComponent_Song",
              "mapName": "ColaSongALT"
            }
          ],
          "actionList": "partyMap"
        },
        {
          "__class": "Item",
          "isc": "grp_cover",
          "act": "ui_component_base",
          "components": [
            {
              "__class": "JD_CarouselContentComponent_Song",
              "mapName": "Daddy"
            }
          ],
          "actionList": "partyMap"
        },
        {
          "__class": "Item",
          "isc": "grp_cover",
          "act": "ui_component_base",
          "components": [
            {
              "__class": "JD_CarouselContentComponent_Song",
              "mapName": "DaddyALT"
            }
          ],
          "actionList": "partyMap"
        },
        {
          "__class": "Item",
          "isc": "grp_cover",
          "act": "ui_component_base",
          "components": [
            {
              "__class": "JD_CarouselContentComponent_Song",
              "mapName": "DontLet"
            }
          ],
          "actionList": "partyMap"
        },
        {
          "__class": "Item",
          "isc": "grp_cover",
          "act": "ui_component_base",
          "components": [
            {
              "__class": "JD_CarouselContentComponent_Song",
              "mapName": "DontStopMe"
            }
          ],
          "actionList": "partyMap"
        },
        {
          "__class": "Item",
          "isc": "grp_cover",
          "act": "ui_component_base",
          "components": [
            {
              "__class": "JD_CarouselContentComponent_Song",
              "mapName": "DontStopMeALT"
            }
          ],
          "actionList": "partyMap"
        },
        {
          "__class": "Item",
          "isc": "grp_cover",
          "act": "ui_component_base",
          "components": [
            {
              "__class": "JD_CarouselContentComponent_Song",
              "mapName": "RedMangoose"
            }
          ],
          "actionList": "partyMap"
        },
        {
          "__class": "Item",
          "isc": "grp_cover",
          "act": "ui_component_base",
          "components": [
            {
              "__class": "JD_CarouselContentComponent_Song",
              "mapName": "DontWorryMadcon"
            }
          ],
          "actionList": "partyMap"
        },
        {
          "__class": "Item",
          "isc": "grp_cover",
          "act": "ui_component_base",
          "components": [
            {
              "__class": "JD_CarouselContentComponent_Song",
              "mapName": "DragosteaDinTei"
            }
          ],
          "actionList": "partyMap"
        },
        {
          "__class": "Item",
          "isc": "grp_cover",
          "act": "ui_component_base",
          "components": [
            {
              "__class": "JD_CarouselContentComponent_Song",
              "mapName": "ElTiki"
            }
          ],
          "actionList": "partyMap"
        },
        {
          "__class": "Item",
          "isc": "grp_cover",
          "act": "ui_component_base",
          "components": [
            {
              "__class": "JD_CarouselContentComponent_Song",
              "mapName": "ElTikiALT"
            }
          ],
          "actionList": "partyMap"
        },
        {
          "__class": "Item",
          "isc": "grp_cover",
          "act": "ui_component_base",
          "components": [
            {
              "__class": "JD_CarouselContentComponent_Song",
              "mapName": "Groove"
            }
          ],
          "actionList": "partyMap"
        },
        {
          "__class": "Item",
          "isc": "grp_cover",
          "act": "ui_component_base",
          "components": [
            {
              "__class": "JD_CarouselContentComponent_Song",
              "mapName": "HandClap"
            }
          ],
          "actionList": "partyMap"
        },
        {
          "__class": "Item",
          "isc": "grp_cover",
          "act": "ui_component_base",
          "components": [
            {
              "__class": "JD_CarouselContentComponent_Song",
              "mapName": "HandClapFAN"
            }
          ],
          "actionList": "partyMap"
        },
        {
          "__class": "Item",
          "isc": "grp_cover",
          "act": "ui_component_base",
          "components": [
            {
              "__class": "JD_CarouselContentComponent_Song",
              "mapName": "Hips"
            }
          ],
          "actionList": "partyMap"
        },
        {
          "__class": "Item",
          "isc": "grp_cover",
          "act": "ui_component_base",
          "components": [
            {
              "__class": "JD_CarouselContentComponent_Song",
              "mapName": "HipsALT"
            }
          ],
          "actionList": "partyMap"
        },
        {
          "__class": "Item",
          "isc": "grp_cover",
          "act": "ui_component_base",
          "components": [
            {
              "__class": "JD_CarouselContentComponent_Song",
              "mapName": "HowDeep"
            }
          ],
          "actionList": "partyMap"
        },
        {
          "__class": "Item",
          "isc": "grp_cover",
          "act": "ui_component_base",
          "components": [
            {
              "__class": "JD_CarouselContentComponent_Song",
              "mapName": "ILoveRock"
            }
          ],
          "actionList": "partyMap"
        },
        {
          "__class": "Item",
          "isc": "grp_cover",
          "act": "ui_component_base",
          "components": [
            {
              "__class": "JD_CarouselContentComponent_Song",
              "mapName": "Imya505"
            }
          ],
          "actionList": "partyMap"
        },
        {
          "__class": "Item",
          "isc": "grp_cover",
          "act": "ui_component_base",
          "components": [
            {
              "__class": "JD_CarouselContentComponent_Song",
              "mapName": "IntoYou"
            }
          ],
          "actionList": "partyMap"
        },
        {
          "__class": "Item",
          "isc": "grp_cover",
          "act": "ui_component_base",
          "components": [
            {
              "__class": "JD_CarouselContentComponent_Song",
              "mapName": "Natoo"
            }
          ],
          "actionList": "partyMap"
        },
        {
          "__class": "Item",
          "isc": "grp_cover",
          "act": "ui_component_base",
          "components": [
            {
              "__class": "JD_CarouselContentComponent_Song",
              "mapName": "Juju"
            }
          ],
          "actionList": "partyMap"
        },
        {
          "__class": "Item",
          "isc": "grp_cover",
          "act": "ui_component_base",
          "components": [
            {
              "__class": "JD_CarouselContentComponent_Song",
              "mapName": "Bicicleta"
            }
          ],
          "actionList": "partyMap"
        },
        {
          "__class": "Item",
          "isc": "grp_cover",
          "act": "ui_component_base",
          "components": [
            {
              "__class": "JD_CarouselContentComponent_Song",
              "mapName": "LastChristmas"
            }
          ],
          "actionList": "partyMap"
        },
        {
          "__class": "Item",
          "isc": "grp_cover",
          "act": "ui_component_base",
          "components": [
            {
              "__class": "JD_CarouselContentComponent_Song",
              "mapName": "LeanOn"
            }
          ],
          "actionList": "partyMap"
        },
        {
          "__class": "Item",
          "isc": "grp_cover",
          "act": "ui_component_base",
          "components": [
            {
              "__class": "JD_CarouselContentComponent_Song",
              "mapName": "LeanOnALT"
            }
          ],
          "actionList": "partyMap"
        },
        {
          "__class": "Item",
          "isc": "grp_cover",
          "act": "ui_component_base",
          "components": [
            {
              "__class": "JD_CarouselContentComponent_Song",
              "mapName": "Leila"
            }
          ],
          "actionList": "partyMap"
        },
        {
          "__class": "Item",
          "isc": "grp_cover",
          "act": "ui_component_base",
          "components": [
            {
              "__class": "JD_CarouselContentComponent_Song",
              "mapName": "BlackMamba"
            }
          ],
          "actionList": "partyMap"
        },
        {
          "__class": "Item",
          "isc": "grp_cover",
          "act": "ui_component_base",
          "components": [
            {
              "__class": "JD_CarouselContentComponent_Song",
              "mapName": "LikeIWould"
            }
          ],
          "actionList": "partyMap"
        },
        {
          "__class": "Item",
          "isc": "grp_cover",
          "act": "ui_component_base",
          "components": [
            {
              "__class": "JD_CarouselContentComponent_Song",
              "mapName": "LittleSwing"
            }
          ],
          "actionList": "partyMap"
        },
        {
          "__class": "Item",
          "isc": "grp_cover",
          "act": "ui_component_base",
          "components": [
            {
              "__class": "JD_CarouselContentComponent_Song",
              "mapName": "MeToo"
            }
          ],
          "actionList": "partyMap"
        },
        {
          "__class": "Item",
          "isc": "grp_cover",
          "act": "ui_component_base",
          "components": [
            {
              "__class": "JD_CarouselContentComponent_Song",
              "mapName": "Oishii"
            }
          ],
          "actionList": "partyMap"
        },
        {
          "__class": "Item",
          "isc": "grp_cover",
          "act": "ui_component_base",
          "components": [
            {
              "__class": "JD_CarouselContentComponent_Song",
              "mapName": "OnaTanczyDlaMnie"
            }
          ],
          "actionList": "partyMap"
        },
        {
          "__class": "Item",
          "isc": "grp_cover",
          "act": "ui_component_base",
          "components": [
            {
              "__class": "JD_CarouselContentComponent_Song",
              "mapName": "PoPiPo"
            }
          ],
          "actionList": "partyMap"
        },
        {
          "__class": "Item",
          "isc": "grp_cover",
          "act": "ui_component_base",
          "components": [
            {
              "__class": "JD_CarouselContentComponent_Song",
              "mapName": "Radical"
            }
          ],
          "actionList": "partyMap"
        },
        {
          "__class": "Item",
          "isc": "grp_cover",
          "act": "ui_component_base",
          "components": [
            {
              "__class": "JD_CarouselContentComponent_Song",
              "mapName": "RadicalALT"
            }
          ],
          "actionList": "partyMap"
        },
        {
          "__class": "Item",
          "isc": "grp_cover",
          "act": "ui_component_base",
          "components": [
            {
              "__class": "JD_CarouselContentComponent_Song",
              "mapName": "RunTheNight"
            }
          ],
          "actionList": "partyMap"
        },
        {
          "__class": "Item",
          "isc": "grp_cover",
          "act": "ui_component_base",
          "components": [
            {
              "__class": "JD_CarouselContentComponent_Song",
              "mapName": "ScreamNShout"
            }
          ],
          "actionList": "partyMap"
        },
        {
          "__class": "Item",
          "isc": "grp_cover",
          "act": "ui_component_base",
          "components": [
            {
              "__class": "JD_CarouselContentComponent_Song",
              "mapName": "ScreamNShoutALT"
            }
          ],
          "actionList": "partyMap"
        },
        {
          "__class": "Item",
          "isc": "grp_cover",
          "act": "ui_component_base",
          "components": [
            {
              "__class": "JD_CarouselContentComponent_Song",
              "mapName": "September"
            }
          ],
          "actionList": "partyMap"
        },
        {
          "__class": "Item",
          "isc": "grp_cover",
          "act": "ui_component_base",
          "components": [
            {
              "__class": "JD_CarouselContentComponent_Song",
              "mapName": "SeptemberALT"
            }
          ],
          "actionList": "partyMap"
        },
        {
          "__class": "Item",
          "isc": "grp_cover",
          "act": "ui_component_base",
          "components": [
            {
              "__class": "JD_CarouselContentComponent_Song",
              "mapName": "SingleLadies"
            }
          ],
          "actionList": "partyMap"
        },
        {
          "__class": "Item",
          "isc": "grp_cover",
          "act": "ui_component_base",
          "components": [
            {
              "__class": "JD_CarouselContentComponent_Song",
              "mapName": "Sorry"
            }
          ],
          "actionList": "partyMap"
        },
        {
          "__class": "Item",
          "isc": "grp_cover",
          "act": "ui_component_base",
          "components": [
            {
              "__class": "JD_CarouselContentComponent_Song",
              "mapName": "SorryALT"
            }
          ],
          "actionList": "partyMap"
        },
        {
          "__class": "Item",
          "isc": "grp_cover",
          "act": "ui_component_base",
          "components": [
            {
              "__class": "JD_CarouselContentComponent_Song",
              "mapName": "TheGreatest"
            }
          ],
          "actionList": "partyMap"
        },
        {
          "__class": "Item",
          "isc": "grp_cover",
          "act": "ui_component_base",
          "components": [
            {
              "__class": "JD_CarouselContentComponent_Song",
              "mapName": "TicoTico"
            }
          ],
          "actionList": "partyMap"
        },
        {
          "__class": "Item",
          "isc": "grp_cover",
          "act": "ui_component_base",
          "components": [
            {
              "__class": "JD_CarouselContentComponent_Song",
              "mapName": "Titanium"
            }
          ],
          "actionList": "partyMap"
        },
        {
          "__class": "Item",
          "isc": "grp_cover",
          "act": "ui_component_base",
          "components": [
            {
              "__class": "JD_CarouselContentComponent_Song",
              "mapName": "TitaniumALT"
            }
          ],
          "actionList": "partyMap"
        },
        {
          "__class": "Item",
          "isc": "grp_cover",
          "act": "ui_component_base",
          "components": [
            {
              "__class": "JD_CarouselContentComponent_Song",
              "mapName": "WakeMeUpALT"
            }
          ],
          "actionList": "partyMap"
        },
        {
          "__class": "Item",
          "isc": "grp_cover",
          "act": "ui_component_base",
          "components": [
            {
              "__class": "JD_CarouselContentComponent_Song",
              "mapName": "NaeNae"
            }
          ],
          "actionList": "partyMap"
        },
        {
          "__class": "Item",
          "isc": "grp_cover",
          "act": "ui_component_base",
          "components": [
            {
              "__class": "JD_CarouselContentComponent_Song",
              "mapName": "NaeNaeALT"
            }
          ],
          "actionList": "partyMap"
        },
        {
          "__class": "Item",
          "isc": "grp_cover",
          "act": "ui_component_base",
          "components": [
            {
              "__class": "JD_CarouselContentComponent_Song",
              "mapName": "WhatIsLove"
            }
          ],
          "actionList": "partyMap"
        },
        {
          "__class": "Item",
          "isc": "grp_cover",
          "act": "ui_component_base",
          "components": [
            {
              "__class": "JD_CarouselContentComponent_Song",
              "mapName": "WhatIsLoveALT"
            }
          ],
          "actionList": "partyMap"
        },
        {
          "__class": "Item",
          "isc": "grp_cover",
          "act": "ui_component_base",
          "components": [
            {
              "__class": "JD_CarouselContentComponent_Song",
              "mapName": "WhereverIGo"
            }
          ],
          "actionList": "partyMap"
        },
        {
          "__class": "Item",
          "isc": "grp_cover",
          "act": "ui_component_base",
          "components": [
            {
              "__class": "JD_CarouselContentComponent_Song",
              "mapName": "WorthIt"
            }
          ],
          "actionList": "partyMap"
        },
        {
          "__class": "Item",
          "isc": "grp_cover",
          "act": "ui_component_base",
          "components": [
            {
              "__class": "JD_CarouselContentComponent_Song",
              "mapName": "WorthItALT"
            }
          ],
          "actionList": "partyMap"
        },
        {
          "__class": "Item",
          "isc": "grp_cover",
          "act": "ui_component_base",
          "components": [
            {
              "__class": "JD_CarouselContentComponent_Song",
              "mapName": "Youth"
            }
          ],
          "actionList": "partyMap"
        }
      ]
    },
    {
      "__class": "Category",
      "title": "Just Dance 2018",
      "act": "ui_carousel",
      "isc": "grp_row",
      "items": []
    },
    {
      "__class": "Category",
      "title": "Just Dance 2019",
      "act": "ui_carousel",
      "isc": "grp_row",
      "items": []
    },
    {
      "__class": "Category",
      "title": "Just Dance 2020",
      "act": "ui_carousel",
      "isc": "grp_row",
      "items": []
    },
    {
      "__class": "Category",
      "title": "Just Dance 2021",
      "act": "ui_carousel",
      "isc": "grp_row",
      "items": []
    },
    {
      "__class": "Category",
      "title": "Just Dance 2022",
      "act": "ui_carousel",
      "isc": "grp_row",
      "items": []
    },
    {
      "__class": "Category",
      "title": "Just Dance China",
      "act": "ui_carousel",
      "isc": "grp_row",
      "items": []
    },
    {
      "__class": "Category",
      "title": "Just Dance Kids",
      "act": "ui_carousel",
      "isc": "grp_row",
      "items": []
    },
    {
      "__class": "Category",
      "title": "ABBA: You Can Dance",
      "act": "ui_carousel",
      "isc": "grp_row",
      "items": []
    },
    {
      "__class": "Category",
      "title": "Communnity Remixes & Mashups",
      "act": "ui_carousel",
      "isc": "grp_row",
      "items": []
    },
    {
      "__class": "Category",
      "title": "Shuffle",
      "act": "ui_carousel",
      "isc": "grp_row",
      "items": [
        {
          "__class": "Item",
          "isc": "grp_shuffle",
          "act": "ui_component_base",
          "components": [
            {
              "__class": "JD_CarouselContentComponent_Shuffle"
            }
          ],
          "endPos": 16,
          "actionList": "NonStop"
        }
      ]
    }
  ],
  "actionLists": {
    "search": {
      "__class": "ActionList",
      "actions": [
        {
          "__class": "Action",
          "bannerType": "SEARCH",
          "title": "New search",
          "type": "open-keyboard"
        },
        {
          "__class": "Action",
          "bannerContext": "default",
          "bannerTheme": "DEFAULT",
          "bannerType": "SEARCH",
          "title": "Previous search",
          "type": "previous-search"
        }
      ],
      "itemType": "search"
    },
    "searchPreset": {
      "__class": "ActionList",
      "actions": [
        {
          "__class": "Action",
          "bannerType": "SEARCH",
          "title": "Search preset",
          "type": "search-preset"
        }
      ],
      "itemType": "search"
    },
    "upsell_rival": {
      "__class": "ActionList",
      "actions": [
        {
          "__class": "Action",
          "bannerContext": "family_rival",
          "bannerTheme": "DEFAULT",
          "bannerType": "song",
          "title": "Subscribe",
          "type": "display-upsell"
        }
      ],
      "itemType": "map"
    },
    "NonStop": {
      "__class": "ActionList",
      "actions": [
        {
          "__class": "Action",
          "bannerType": "SHUFFLE",
          "title": "Dance",
          "type": "start-rowPlaylist"
        }
      ],
      "itemType": "map"
    },
    "create-playlist": {
      "__class": "ActionList",
      "itemType": "map",
      "actions": [
        {
          "__class": "Action",
          "bannerType": "",
          "bannerTheme": "",
          "bannerContext": "",
          "type": "add-song",
          "title": "Add song"
        }
      ]
    },
    "WorkshopPlaylist": {
      "__class": "ActionList",
      "itemType": "map",
      "actions": [
        {
          "__class": "Action",
          "type": "start-rowPlaylist",
          "title": "Shuffle",
          "bannerType": "song",
          "bannerTheme": "DEFAULT",
          "bannerContext": "family_rival"
        },
        {
          "__class": "Action",
          "type": "set-favorite",
          "title": "Favorites",
          "bannerType": "song",
          "bannerTheme": "DEFAULT",
          "bannerContext": "family_rival"
        },
        {
          "__class": "Action",
          "type": "leaderboard",
          "title": "Leaderboard",
          "bannerType": "song_leaderboard",
          "bannerTheme": "DEFAULT",
          "bannerContext": "family_rival"
        },
        {
          "__class": "Action",
          "type": "credits",
          "title": "Credits",
          "bannerType": "song_licensing",
          "bannerTheme": "DEFAULT",
          "bannerContext": "family_rival"
        }
      ]
    },

    "partyMap": {
      "__class": "ActionList",
      "actions": [
        {
          "__class": "Action",
          "bannerContext": "family_rival",
          "bannerTheme": "DEFAULT",
          "bannerType": "song",
          "title": "Dance",
          "type": "play-song"
        },
        {
          "__class": "Action",
          "bannerContext": "family_rival",
          "bannerTheme": "DEFAULT",
          "bannerType": "song",
          "title": "Add to favorites",
          "type": "set-favorite"
        },
        {
          "__class": "Action",
          "bannerContext": "family_rival",
          "bannerTheme": "DEFAULT",
          "bannerType": "song_leaderboard",
          "title": "Leaderboard",
          "type": "leaderboard"
        },
        {
          "__class": "Action",
          "bannerContext": "family_rival",
          "bannerTheme": "DEFAULT",
          "bannerType": "song_licensing",
          "title": "Credits",
          "type": "credits"
        }
      ],
      "itemType": "map"
    },
    "partyMapCoop": {
      "__class": "ActionList",
      "itemType": "map",
      "actions": [
        {
          "__class": "Action",
          "type": "play-song",
          "title": "Play",
          "bannerType": "song",
          "bannerTheme": "DEFAULT",
          "bannerContext": "family_coop"
        }
      ]
    },
    "sweatMap": {
      "__class": "ActionList",
      "itemType": "map",
      "actions": [
        {
          "__class": "Action",
          "type": "play-song",
          "title": "Play",
          "bannerType": "song",
          "bannerTheme": "DEFAULT",
          "bannerContext": "CONTEXT_SWEAT"
        },
        {
          "__class": "Action",
          "type": "set-favorite",
          "title": "Favorites",
          "bannerType": "song",
          "bannerTheme": "DEFAULT",
          "bannerContext": "CONTEXT_SWEAT"
        },
        {
          "__class": "Action",
          "type": "leaderboard",
          "title": "Leaderboard",
          "bannerType": "song_leaderboard",
          "bannerTheme": "DEFAULT",
          "bannerContext": "CONTEXT_SWEAT"
        },
        {
          "__class": "Action",
          "type": "credits",
          "title": "Credits",
          "bannerType": "song_licensing",
          "bannerTheme": "DEFAULT",
          "bannerContext": "CONTEXT_SWEAT"
        }
      ]
    },
    "partyMapKIDSPirateYouShallBe": {
      "__class": "ActionList",
      "actions": [
        {
          "__class": "Action",
          "bannerContext": "family_rival",
          "bannerTheme": "kids3",
          "bannerType": "song",
          "title": "Dance",
          "type": "play-song"
        },
        {
          "__class": "Action",
          "bannerContext": "family_rival",
          "bannerTheme": "kids3",
          "bannerType": "song_leaderboard",
          "title": "Leaderboard",
          "type": "leaderboard"
        },
        {
          "__class": "Action",
          "bannerContext": "family_rival",
          "bannerTheme": "kids3",
          "bannerType": "song_licensing",
          "title": "Credits",
          "type": "credits"
        }
      ],
      "itemType": "map"
    },
    "partyMapKIDSAccidentallyInLove": {
      "__class": "ActionList",
      "actions": [
        {
          "__class": "Action",
          "bannerContext": "family_rival",
          "bannerTheme": "kids3",
          "bannerType": "song",
          "title": "Dance",
          "type": "play-song"
        },
        {
          "__class": "Action",
          "bannerContext": "family_rival",
          "bannerTheme": "kids3",
          "bannerType": "song_leaderboard",
          "title": "Leaderboard",
          "type": "leaderboard"
        },
        {
          "__class": "Action",
          "bannerContext": "family_rival",
          "bannerTheme": "kids3",
          "bannerType": "song_licensing",
          "title": "Credits",
          "type": "credits"
        }
      ],
      "itemType": "map"
    },
    "partyMapKIDSABC": {
      "__class": "ActionList",
      "actions": [
        {
          "__class": "Action",
          "bannerContext": "family_rival",
          "bannerTheme": "kids3",
          "bannerType": "song",
          "title": "Dance",
          "type": "play-song"
        },
        {
          "__class": "Action",
          "bannerContext": "family_rival",
          "bannerTheme": "kids3",
          "bannerType": "song_leaderboard",
          "title": "Leaderboard",
          "type": "leaderboard"
        },
        {
          "__class": "Action",
          "bannerContext": "family_rival",
          "bannerTheme": "kids3",
          "bannerType": "song_licensing",
          "title": "Credits",
          "type": "credits"
        }
      ],
      "itemType": "map"
    },
    "partyMapABBADancingQueen": {
      "__class": "ActionList",
      "actions": [
        {
          "__class": "Action",
          "bannerContext": "family_rival",
          "bannerTheme": "abba_2017",
          "bannerType": "song",
          "title": "Dance",
          "type": "play-song"
        },
        {
          "__class": "Action",
          "bannerContext": "family_rival",
          "bannerTheme": "abba_2017",
          "bannerType": "song_leaderboard",
          "title": "Leaderboard",
          "type": "leaderboard"
        },
        {
          "__class": "Action",
          "bannerContext": "family_rival",
          "bannerTheme": "abba_2017",
          "bannerType": "song_licensing",
          "title": "Credits",
          "type": "credits"
        }
      ],
      "itemType": "map"
    },
    "partyMapKIDSDayO": {
      "__class": "ActionList",
      "actions": [
        {
          "__class": "Action",
          "bannerContext": "family_rival",
          "bannerTheme": "kids3",
          "bannerType": "song",
          "title": "Dance",
          "type": "play-song"
        },
        {
          "__class": "Action",
          "bannerContext": "family_rival",
          "bannerTheme": "kids3",
          "bannerType": "song_leaderboard",
          "title": "Leaderboard",
          "type": "leaderboard"
        },
        {
          "__class": "Action",
          "bannerContext": "family_rival",
          "bannerTheme": "kids3",
          "bannerType": "song_licensing",
          "title": "Credits",
          "type": "credits"
        }
      ],
      "itemType": "map"
    },
    "partyMapABBAFernando": {
      "__class": "ActionList",
      "actions": [
        {
          "__class": "Action",
          "bannerContext": "family_rival",
          "bannerTheme": "abba_2017",
          "bannerType": "song",
          "title": "Dance",
          "type": "play-song"
        },
        {
          "__class": "Action",
          "bannerContext": "family_rival",
          "bannerTheme": "abba_2017",
          "bannerType": "song_leaderboard",
          "title": "Leaderboard",
          "type": "leaderboard"
        },
        {
          "__class": "Action",
          "bannerContext": "family_rival",
          "bannerTheme": "abba_2017",
          "bannerType": "song_licensing",
          "title": "Credits",
          "type": "credits"
        }
      ],
      "itemType": "map"
    },
    "partyMapKIDSFiveLittleMonkeys": {
      "__class": "ActionList",
      "actions": [
        {
          "__class": "Action",
          "bannerContext": "family_rival",
          "bannerTheme": "kids3",
          "bannerType": "song",
          "title": "Dance",
          "type": "play-song"
        },
        {
          "__class": "Action",
          "bannerContext": "family_rival",
          "bannerTheme": "kids3",
          "bannerType": "song_leaderboard",
          "title": "Leaderboard",
          "type": "leaderboard"
        },
        {
          "__class": "Action",
          "bannerContext": "family_rival",
          "bannerTheme": "kids3",
          "bannerType": "song_licensing",
          "title": "Credits",
          "type": "credits"
        }
      ],
      "itemType": "map"
    },
    "partyMapKIDSFraggleRock": {
      "__class": "ActionList",
      "actions": [
        {
          "__class": "Action",
          "bannerContext": "family_rival",
          "bannerTheme": "kids3",
          "bannerType": "song",
          "title": "Dance",
          "type": "play-song"
        },
        {
          "__class": "Action",
          "bannerContext": "family_rival",
          "bannerTheme": "kids3",
          "bannerType": "song_leaderboard",
          "title": "Leaderboard",
          "type": "leaderboard"
        },
        {
          "__class": "Action",
          "bannerContext": "family_rival",
          "bannerTheme": "kids3",
          "bannerType": "song_licensing",
          "title": "Credits",
          "type": "credits"
        }
      ],
      "itemType": "map"
    },
    "partyMapABBAGimmeGimme": {
      "__class": "ActionList",
      "actions": [
        {
          "__class": "Action",
          "bannerContext": "family_rival",
          "bannerTheme": "abba_2017",
          "bannerType": "song",
          "title": "Dance",
          "type": "play-song"
        },
        {
          "__class": "Action",
          "bannerContext": "family_rival",
          "bannerTheme": "abba_2017",
          "bannerType": "song_leaderboard",
          "title": "Leaderboard",
          "type": "leaderboard"
        },
        {
          "__class": "Action",
          "bannerContext": "family_rival",
          "bannerTheme": "abba_2017",
          "bannerType": "song_licensing",
          "title": "Credits",
          "type": "credits"
        }
      ],
      "itemType": "map"
    },
    "partyMapKIDSHickoryDickoryDock": {
      "__class": "ActionList",
      "actions": [
        {
          "__class": "Action",
          "bannerContext": "family_rival",
          "bannerTheme": "kids3",
          "bannerType": "song",
          "title": "Dance",
          "type": "play-song"
        },
        {
          "__class": "Action",
          "bannerContext": "family_rival",
          "bannerTheme": "kids3",
          "bannerType": "song_leaderboard",
          "title": "Leaderboard",
          "type": "leaderboard"
        },
        {
          "__class": "Action",
          "bannerContext": "family_rival",
          "bannerTheme": "kids3",
          "bannerType": "song_licensing",
          "title": "Credits",
          "type": "credits"
        }
      ],
      "itemType": "map"
    },
    "partyMapABBAHoneyHoney": {
      "__class": "ActionList",
      "actions": [
        {
          "__class": "Action",
          "bannerContext": "family_rival",
          "bannerTheme": "abba_2017",
          "bannerType": "song",
          "title": "Dance",
          "type": "play-song"
        },
        {
          "__class": "Action",
          "bannerContext": "family_rival",
          "bannerTheme": "abba_2017",
          "bannerType": "song_leaderboard",
          "title": "Leaderboard",
          "type": "leaderboard"
        },
        {
          "__class": "Action",
          "bannerContext": "family_rival",
          "bannerTheme": "abba_2017",
          "bannerType": "song_licensing",
          "title": "Credits",
          "type": "credits"
        }
      ],
      "itemType": "map"
    },
    "partyMapKIDSILikeToMoveIt": {
      "__class": "ActionList",
      "actions": [
        {
          "__class": "Action",
          "bannerContext": "family_rival",
          "bannerTheme": "kids3",
          "bannerType": "song",
          "title": "Dance",
          "type": "play-song"
        },
        {
          "__class": "Action",
          "bannerContext": "family_rival",
          "bannerTheme": "kids3",
          "bannerType": "song_leaderboard",
          "title": "Leaderboard",
          "type": "leaderboard"
        },
        {
          "__class": "Action",
          "bannerContext": "family_rival",
          "bannerTheme": "kids3",
          "bannerType": "song_licensing",
          "title": "Credits",
          "type": "credits"
        }
      ],
      "itemType": "map"
    },
    "partyMapKIDSWorkingOnTheRailroad": {
      "__class": "ActionList",
      "actions": [
        {
          "__class": "Action",
          "bannerContext": "family_rival",
          "bannerTheme": "kids3",
          "bannerType": "song",
          "title": "Dance",
          "type": "play-song"
        },
        {
          "__class": "Action",
          "bannerContext": "family_rival",
          "bannerTheme": "kids3",
          "bannerType": "song_leaderboard",
          "title": "Leaderboard",
          "type": "leaderboard"
        },
        {
          "__class": "Action",
          "bannerContext": "family_rival",
          "bannerTheme": "kids3",
          "bannerType": "song_licensing",
          "title": "Credits",
          "type": "credits"
        }
      ],
      "itemType": "map"
    },
    "partyMapKIDSIfYoureHappy": {
      "__class": "ActionList",
      "actions": [
        {
          "__class": "Action",
          "bannerContext": "family_rival",
          "bannerTheme": "kids3",
          "bannerType": "song",
          "title": "Dance",
          "type": "play-song"
        },
        {
          "__class": "Action",
          "bannerContext": "family_rival",
          "bannerTheme": "kids3",
          "bannerType": "song_leaderboard",
          "title": "Leaderboard",
          "type": "leaderboard"
        },
        {
          "__class": "Action",
          "bannerContext": "family_rival",
          "bannerTheme": "kids3",
          "bannerType": "song_licensing",
          "title": "Credits",
          "type": "credits"
        }
      ],
      "itemType": "map"
    },
    "partyMapKIDSJingleBells": {
      "__class": "ActionList",
      "actions": [
        {
          "__class": "Action",
          "bannerContext": "family_rival",
          "bannerTheme": "kids3",
          "bannerType": "song",
          "title": "Dance",
          "type": "play-song"
        },
        {
          "__class": "Action",
          "bannerContext": "family_rival",
          "bannerTheme": "kids3",
          "bannerType": "song_leaderboard",
          "title": "Leaderboard",
          "type": "leaderboard"
        },
        {
          "__class": "Action",
          "bannerContext": "family_rival",
          "bannerTheme": "kids3",
          "bannerType": "song_licensing",
          "title": "Credits",
          "type": "credits"
        }
      ],
      "itemType": "map"
    },
    "partyMapABBAKnowingMe": {
      "__class": "ActionList",
      "actions": [
        {
          "__class": "Action",
          "bannerContext": "family_rival",
          "bannerTheme": "abba_2017",
          "bannerType": "song",
          "title": "Dance",
          "type": "play-song"
        },
        {
          "__class": "Action",
          "bannerContext": "family_rival",
          "bannerTheme": "abba_2017",
          "bannerType": "song_leaderboard",
          "title": "Leaderboard",
          "type": "leaderboard"
        },
        {
          "__class": "Action",
          "bannerContext": "family_rival",
          "bannerTheme": "abba_2017",
          "bannerType": "song_licensing",
          "title": "Credits",
          "type": "credits"
        }
      ],
      "itemType": "map"
    },
    "partyMapABBALayAllYourLove": {
      "__class": "ActionList",
      "actions": [
        {
          "__class": "Action",
          "bannerContext": "family_rival",
          "bannerTheme": "abba_2017",
          "bannerType": "song",
          "title": "Dance",
          "type": "play-song"
        },
        {
          "__class": "Action",
          "bannerContext": "family_rival",
          "bannerTheme": "abba_2017",
          "bannerType": "song_leaderboard",
          "title": "Leaderboard",
          "type": "leaderboard"
        },
        {
          "__class": "Action",
          "bannerContext": "family_rival",
          "bannerTheme": "abba_2017",
          "bannerType": "song_licensing",
          "title": "Credits",
          "type": "credits"
        }
      ],
      "itemType": "map"
    },
    "partyMapABBAMammaMia": {
      "__class": "ActionList",
      "actions": [
        {
          "__class": "Action",
          "bannerContext": "family_rival",
          "bannerTheme": "abba_2017",
          "bannerType": "song",
          "title": "Dance",
          "type": "play-song"
        },
        {
          "__class": "Action",
          "bannerContext": "family_rival",
          "bannerTheme": "abba_2017",
          "bannerType": "song_leaderboard",
          "title": "Leaderboard",
          "type": "leaderboard"
        },
        {
          "__class": "Action",
          "bannerContext": "family_rival",
          "bannerTheme": "abba_2017",
          "bannerType": "song_licensing",
          "title": "Credits",
          "type": "credits"
        }
      ],
      "itemType": "map"
    },
    "partyMapKIDSMaryHadALittleLamb": {
      "__class": "ActionList",
      "actions": [
        {
          "__class": "Action",
          "bannerContext": "family_rival",
          "bannerTheme": "kids3",
          "bannerType": "song",
          "title": "Dance",
          "type": "play-song"
        },
        {
          "__class": "Action",
          "bannerContext": "family_rival",
          "bannerTheme": "kids3",
          "bannerType": "song_leaderboard",
          "title": "Leaderboard",
          "type": "leaderboard"
        },
        {
          "__class": "Action",
          "bannerContext": "family_rival",
          "bannerTheme": "kids3",
          "bannerType": "song_licensing",
          "title": "Credits",
          "type": "credits"
        }
      ],
      "itemType": "map"
    },
    "partyMapABBAMoneyMoney": {
      "__class": "ActionList",
      "actions": [
        {
          "__class": "Action",
          "bannerContext": "family_rival",
          "bannerTheme": "abba_2017",
          "bannerType": "song",
          "title": "Dance",
          "type": "play-song"
        },
        {
          "__class": "Action",
          "bannerContext": "family_rival",
          "bannerTheme": "abba_2017",
          "bannerType": "song_leaderboard",
          "title": "Leaderboard",
          "type": "leaderboard"
        },
        {
          "__class": "Action",
          "bannerContext": "family_rival",
          "bannerTheme": "abba_2017",
          "bannerType": "song_licensing",
          "title": "Credits",
          "type": "credits"
        }
      ],
      "itemType": "map"
    },
    "partyMapABBASOS": {
      "__class": "ActionList",
      "actions": [
        {
          "__class": "Action",
          "bannerContext": "family_rival",
          "bannerTheme": "abba_2017",
          "bannerType": "song",
          "title": "Dance",
          "type": "play-song"
        },
        {
          "__class": "Action",
          "bannerContext": "family_rival",
          "bannerTheme": "abba_2017",
          "bannerType": "song_leaderboard",
          "title": "Leaderboard",
          "type": "leaderboard"
        },
        {
          "__class": "Action",
          "bannerContext": "family_rival",
          "bannerTheme": "abba_2017",
          "bannerType": "song_licensing",
          "title": "Credits",
          "type": "credits"
        }
      ],
      "itemType": "map"
    },
    "partyMapABBASuperTrooper": {
      "__class": "ActionList",
      "actions": [
        {
          "__class": "Action",
          "bannerContext": "family_rival",
          "bannerTheme": "abba_2017",
          "bannerType": "song",
          "title": "Dance",
          "type": "play-song"
        },
        {
          "__class": "Action",
          "bannerContext": "family_rival",
          "bannerTheme": "abba_2017",
          "bannerType": "song_leaderboard",
          "title": "Leaderboard",
          "type": "leaderboard"
        },
        {
          "__class": "Action",
          "bannerContext": "family_rival",
          "bannerTheme": "abba_2017",
          "bannerType": "song_licensing",
          "title": "Credits",
          "type": "credits"
        }
      ],
      "itemType": "map"
    },
    "partyMapABBATakeAChance": {
      "__class": "ActionList",
      "actions": [
        {
          "__class": "Action",
          "bannerContext": "family_rival",
          "bannerTheme": "abba_2017",
          "bannerType": "song",
          "title": "Dance",
          "type": "play-song"
        },
        {
          "__class": "Action",
          "bannerContext": "family_rival",
          "bannerTheme": "abba_2017",
          "bannerType": "song_leaderboard",
          "title": "Leaderboard",
          "type": "leaderboard"
        },
        {
          "__class": "Action",
          "bannerContext": "family_rival",
          "bannerTheme": "abba_2017",
          "bannerType": "song_licensing",
          "title": "Credits",
          "type": "credits"
        }
      ],
      "itemType": "map"
    },
    "partyMapKIDSTheLionSleepsTonight": {
      "__class": "ActionList",
      "actions": [
        {
          "__class": "Action",
          "bannerContext": "family_rival",
          "bannerTheme": "kids3",
          "bannerType": "song",
          "title": "Dance",
          "type": "play-song"
        },
        {
          "__class": "Action",
          "bannerContext": "family_rival",
          "bannerTheme": "kids3",
          "bannerType": "song_leaderboard",
          "title": "Leaderboard",
          "type": "leaderboard"
        },
        {
          "__class": "Action",
          "bannerContext": "family_rival",
          "bannerTheme": "kids3",
          "bannerType": "song_licensing",
          "title": "Credits",
          "type": "credits"
        }
      ],
      "itemType": "map"
    },
    "partyMapABBATheWinner": {
      "__class": "ActionList",
      "actions": [
        {
          "__class": "Action",
          "bannerContext": "family_rival",
          "bannerTheme": "abba_2017",
          "bannerType": "song",
          "title": "Dance",
          "type": "play-song"
        },
        {
          "__class": "Action",
          "bannerContext": "family_rival",
          "bannerTheme": "abba_2017",
          "bannerType": "song_leaderboard",
          "title": "Leaderboard",
          "type": "leaderboard"
        },
        {
          "__class": "Action",
          "bannerContext": "family_rival",
          "bannerTheme": "abba_2017",
          "bannerType": "song_licensing",
          "title": "Credits",
          "type": "credits"
        }
      ],
      "itemType": "map"
    },
    "partyMapThisIsHow": {
      "__class": "ActionList",
      "actions": [
        {
          "__class": "Action",
          "bannerContext": "family_rival",
          "bannerTheme": "KP",
          "bannerType": "song",
          "title": "Dance",
          "type": "play-song"
        },
        {
          "__class": "Action",
          "bannerContext": "family_rival",
          "bannerTheme": "KP",
          "bannerType": "song_leaderboard",
          "title": "Leaderboard",
          "type": "leaderboard"
        },
        {
          "__class": "Action",
          "bannerContext": "family_rival",
          "bannerTheme": "KP",
          "bannerType": "song_licensing",
          "title": "Credits",
          "type": "credits"
        }
      ],
      "itemType": "map"
    },
    "partyMapABBAVoulezVous": {
      "__class": "ActionList",
      "actions": [
        {
          "__class": "Action",
          "bannerContext": "family_rival",
          "bannerTheme": "abba_2017",
          "bannerType": "song",
          "title": "Dance",
          "type": "play-song"
        },
        {
          "__class": "Action",
          "bannerContext": "family_rival",
          "bannerTheme": "abba_2017",
          "bannerType": "song_leaderboard",
          "title": "Leaderboard",
          "type": "leaderboard"
        },
        {
          "__class": "Action",
          "bannerContext": "family_rival",
          "bannerTheme": "abba_2017",
          "bannerType": "song_licensing",
          "title": "Credits",
          "type": "credits"
        }
      ],
      "itemType": "map"
    },
    "partyMapABBAWaterloo": {
      "__class": "ActionList",
      "actions": [
        {
          "__class": "Action",
          "bannerContext": "family_rival",
          "bannerTheme": "abba_2017",
          "bannerType": "song",
          "title": "Dance",
          "type": "play-song"
        },
        {
          "__class": "Action",
          "bannerContext": "family_rival",
          "bannerTheme": "abba_2017",
          "bannerType": "song_leaderboard",
          "title": "Leaderboard",
          "type": "leaderboard"
        },
        {
          "__class": "Action",
          "bannerContext": "family_rival",
          "bannerTheme": "abba_2017",
          "bannerType": "song_licensing",
          "title": "Credits",
          "type": "credits"
        }
      ],
      "itemType": "map"
    },
    "partyMapKIDSWeGoWellTogether": {
      "__class": "ActionList",
      "actions": [
        {
          "__class": "Action",
          "bannerContext": "family_rival",
          "bannerTheme": "kids3",
          "bannerType": "song",
          "title": "Dance",
          "type": "play-song"
        },
        {
          "__class": "Action",
          "bannerContext": "family_rival",
          "bannerTheme": "kids3",
          "bannerType": "song_leaderboard",
          "title": "Leaderboard",
          "type": "leaderboard"
        },
        {
          "__class": "Action",
          "bannerContext": "family_rival",
          "bannerTheme": "kids3",
          "bannerType": "song_licensing",
          "title": "Credits",
          "type": "credits"
        }
      ],
      "itemType": "map"
    },
    "partyMapKIDSWheelsOnTheBus": {
      "__class": "ActionList",
      "actions": [
        {
          "__class": "Action",
          "bannerContext": "family_rival",
          "bannerTheme": "kids3",
          "bannerType": "song",
          "title": "Dance",
          "type": "play-song"
        },
        {
          "__class": "Action",
          "bannerContext": "family_rival",
          "bannerTheme": "kids3",
          "bannerType": "song_leaderboard",
          "title": "Leaderboard",
          "type": "leaderboard"
        },
        {
          "__class": "Action",
          "bannerContext": "family_rival",
          "bannerTheme": "kids3",
          "bannerType": "song_licensing",
          "title": "Credits",
          "type": "credits"
        }
      ],
      "itemType": "map"
    }
  },
  "songItemLists": {}
}
