{
  "__class": "JD_CarouselContent",
  "categories": [
    {
      "__class": "Category",
      "title": "Just Dance 2017",
      "act": "quest_carousel",
      "isc": "quest_row",
      "items": [
        {
          "__class": "Item",
          "offlineRequest": {
            "__class": "JD_CarouselQuestRequest",
            "offline": true,
            "uuid": "c5a89b10-6130-45f7-b259-b50202e375a0",
            "actionListName": "questUnlocked"
          }
        }
      ]
    },
    {
      "__class": "Category",
      "title": "Just Dance Cosmos",
      "act": "quest_carousel",
      "isc": "quest_row_unlimited",
      "items": [
        {
          "__class": "Item",
          "isc": "quest_item",
          "act": "ui_component_base",
          "components": [
            {
              "__class": "JD_CarouselContentComponent_Quest",
              "questId": "1"
            }
          ],
          "actionList": "questUnlocked"
        },
        {
          "__class": "Item",
          "isc": "quest_item",
          "act": "ui_component_base",
          "components": [
            { "__class": "JD_CarouselContentComponent_Quest", "questId": "2" }
          ],
          "actionList": "questUnlocked"
        },
        {
          "__class": "Item",
          "isc": "quest_item",
          "act": "ui_component_base",
          "components": [
            { "__class": "JD_CarouselContentComponent_Quest", "questId": "3" }
          ],
          "actionList": "questUnlocked"
        },
        {
          "__class": "Item",
          "isc": "quest_item",
          "act": "ui_component_base",
          "components": [
            { "__class": "JD_CarouselContentComponent_Quest", "questId": "4" }
          ],
          "actionList": "questUnlocked"
        },
        {
          "__class": "Item",
          "isc": "quest_item",
          "act": "ui_component_base",
          "components": [
            { "__class": "JD_CarouselContentComponent_Quest", "questId": "5" }
          ],
          "actionList": "questUnlocked"
        },
        {
          "__class": "Item",
          "isc": "quest_item",
          "act": "ui_component_base",
          "components": [
            { "__class": "JD_CarouselContentComponent_Quest", "questId": "6" }
          ],
          "actionList": "questUnlocked"
        },
        {
          "__class": "Item",
          "isc": "quest_item",
          "act": "ui_component_base",
          "components": [
            { "__class": "JD_CarouselContentComponent_Quest", "questId": "7" }
          ],
          "actionList": "questUnlocked"
        },
        {
          "__class": "Item",
          "isc": "quest_item",
          "act": "ui_component_base",
          "components": [
            { "__class": "JD_CarouselContentComponent_Quest", "questId": "212" }
          ],
          "actionList": "questUnlocked"
        },
        {
          "__class": "Item",
          "isc": "quest_item",
          "act": "ui_component_base",
          "components": [
            { "__class": "JD_CarouselContentComponent_Quest", "questId": "313" }
          ],
          "actionList": "questUnlocked"
        },
        {
          "__class": "Item",
          "isc": "quest_item",
          "act": "ui_component_base",
          "components": [
            { "__class": "JD_CarouselContentComponent_Quest", "questId": "414" }
          ],
          "actionList": "questUnlocked"
        },
        {
          "__class": "Item",
          "isc": "quest_item",
          "act": "ui_component_base",
          "components": [
            { "__class": "JD_CarouselContentComponent_Quest", "questId": "515" }
          ],
          "actionList": "questUnlocked"
        },
        {
          "__class": "Item",
          "isc": "quest_item",
          "act": "ui_component_base",
          "components": [
            { "__class": "JD_CarouselContentComponent_Quest", "questId": "616" }
          ],
          "actionList": "questUnlocked"
        },
        {
          "__class": "Item",
          "isc": "quest_item",
          "act": "ui_component_base",
          "components": [
            { "__class": "JD_CarouselContentComponent_Quest", "questId": "717" }
          ],
          "actionList": "questUnlocked"
        },
        {
          "__class": "Item",
          "isc": "quest_item",
          "act": "ui_component_base",
          "components": [
            { "__class": "JD_CarouselContentComponent_Quest", "questId": "8" }
          ],
          "actionList": "questUnlocked"
        },
        {
          "__class": "Item",
          "isc": "quest_item",
          "act": "ui_component_base",
          "components": [
            { "__class": "JD_CarouselContentComponent_Quest", "questId": "9" }
          ],
          "actionList": "questUnlocked"
        }
      ]
    },
    {
      "__class": "Category",
      "title": "Just Dance Seasons",
      "act": "quest_carousel",
      "isc": "quest_row_unlimited",
      "items": [
        {
          "__class": "Item",
          "isc": "quest_item",
          "act": "ui_component_base",
          "components": [
            {
              "__class": "JD_CarouselContentComponent_Quest",
              "questId": "202001"
            }
          ],
          "actionList": "questUnlocked"
        },
        {
          "__class": "Item",
          "isc": "quest_item",
          "act": "ui_component_base",
          "components": [
            {
              "__class": "JD_CarouselContentComponent_Quest",
              "questId": "202002"
            }
          ],
          "actionList": "questUnlocked"
        },
        {
          "__class": "Item",
          "isc": "quest_item",
          "act": "ui_component_base",
          "components": [
            {
              "__class": "JD_CarouselContentComponent_Quest",
              "questId": "202003"
            }
          ],
          "actionList": "questUnlocked"
        },
        {
          "__class": "Item",
          "isc": "quest_item",
          "act": "ui_component_base",
          "components": [
            {
              "__class": "JD_CarouselContentComponent_Quest",
              "questId": "202101"
            }
          ],
          "actionList": "questUnlocked"
        },
        {
          "__class": "Item",
          "isc": "quest_item",
          "act": "ui_component_base",
          "components": [
            {
              "__class": "JD_CarouselContentComponent_Quest",
              "questId": "202102"
            }
          ],
          "actionList": "questUnlocked"
        },
        {
          "__class": "Item",
          "isc": "quest_item",
          "act": "ui_component_base",
          "components": [
            {
              "__class": "JD_CarouselContentComponent_Quest",
              "questId": "488401"
            }
          ],
          "actionList": "questUnlocked"
        }
      ]
    },
    {
      "__class": "Category",
      "title": "Just Dance Classics",
      "act": "quest_carousel",
      "isc": "quest_row_unlimited",
      "items": [
        {
          "__class": "Item",
          "isc": "quest_item",
          "act": "ui_component_base",
          "components": [
            {
              "__class": "JD_CarouselContentComponent_Quest",
              "questId": "20210201"
            }
          ],
          "actionList": "questUnlocked"
        }
      ]
    },
    {
      "__class": "Category",
      "title": "Just Dance Unlimited",
      "act": "quest_carousel",
      "isc": "quest_row_unlimited",
      "items": [
        {
          "__class": "Item",
          "isc": "quest_item",
          "act": "ui_component_base",
          "components": [
            {
              "__class": "JD_CarouselContentComponent_Quest",
              "questId": "29"
            }
          ],
          "actionList": "questUnlocked"
        },
        {
          "__class": "Item",
          "isc": "quest_item",
          "act": "ui_component_base",
          "components": [
            {
              "__class": "JD_CarouselContentComponent_Quest",
              "questId": "28"
            }
          ],
          "actionList": "questUnlocked"
        },
        {
          "__class": "Item",
          "isc": "quest_item",
          "act": "ui_component_base",
          "components": [
            {
              "__class": "JD_CarouselContentComponent_Quest",
              "questId": "27"
            }
          ],
          "actionList": "questUnlocked"
        },
        {
          "__class": "Item",
          "isc": "quest_item",
          "act": "ui_component_base",
          "components": [
            {
              "__class": "JD_CarouselContentComponent_Quest",
              "questId": "26"
            }
          ],
          "actionList": "questUnlocked"
        },
        {
          "__class": "Item",
          "isc": "quest_item",
          "act": "ui_component_base",
          "components": [
            {
              "__class": "JD_CarouselContentComponent_Quest",
              "questId": "25"
            }
          ],
          "actionList": "questUnlocked"
        },
        {
          "__class": "Item",
          "isc": "quest_item",
          "act": "ui_component_base",
          "components": [
            {
              "__class": "JD_CarouselContentComponent_Quest",
              "questId": "24"
            }
          ],
          "actionList": "questUnlocked"
        },
        {
          "__class": "Item",
          "isc": "quest_item",
          "act": "ui_component_base",
          "components": [
            {
              "__class": "JD_CarouselContentComponent_Quest",
              "questId": "23"
            }
          ],
          "actionList": "questUnlocked"
        },
        {
          "__class": "Item",
          "isc": "quest_item",
          "act": "ui_component_base",
          "components": [
            {
              "__class": "JD_CarouselContentComponent_Quest",
              "questId": "21"
            }
          ],
          "actionList": "questUnlocked"
        },
        {
          "__class": "Item",
          "isc": "quest_item",
          "act": "ui_component_base",
          "components": [
            {
              "__class": "JD_CarouselContentComponent_Quest",
              "questId": "20"
            }
          ],
          "actionList": "questUnlocked"
        },
        {
          "__class": "Item",
          "isc": "quest_item",
          "act": "ui_component_base",
          "components": [
            {
              "__class": "JD_CarouselContentComponent_Quest",
              "questId": "19"
            }
          ],
          "actionList": "questUnlocked"
        },
        {
          "__class": "Item",
          "isc": "quest_item",
          "act": "ui_component_base",
          "components": [
            {
              "__class": "JD_CarouselContentComponent_Quest",
              "questId": "18"
            }
          ],
          "actionList": "questUnlocked"
        },
        {
          "__class": "Item",
          "isc": "quest_item",
          "act": "ui_component_base",
          "components": [
            {
              "__class": "JD_CarouselContentComponent_Quest",
              "questId": "17"
            }
          ],
          "actionList": "questUnlocked"
        },
        {
          "__class": "Item",
          "isc": "quest_item",
          "act": "ui_component_base",
          "components": [
            {
              "__class": "JD_CarouselContentComponent_Quest",
              "questId": "16"
            }
          ],
          "actionList": "questUnlocked"
        },
        {
          "__class": "Item",
          "isc": "quest_item",
          "act": "ui_component_base",
          "components": [
            {
              "__class": "JD_CarouselContentComponent_Quest",
              "questId": "15"
            }
          ],
          "actionList": "questUnlocked"
        },
        {
          "__class": "Item",
          "isc": "quest_item",
          "act": "ui_component_base",
          "components": [
            {
              "__class": "JD_CarouselContentComponent_Quest",
              "questId": "14"
            }
          ],
          "actionList": "questUnlocked"
        },
        {
          "__class": "Item",
          "isc": "quest_item",
          "act": "ui_component_base",
          "components": [
            {
              "__class": "JD_CarouselContentComponent_Quest",
              "questId": "13"
            }
          ],
          "actionList": "questUnlocked"
        },
        {
          "__class": "Item",
          "isc": "quest_item",
          "act": "ui_component_base",
          "components": [
            {
              "__class": "JD_CarouselContentComponent_Quest",
              "questId": "12"
            }
          ],
          "actionList": "questUnlocked"
        },
        {
          "__class": "Item",
          "isc": "quest_item",
          "act": "ui_component_base",
          "components": [
            {
              "__class": "JD_CarouselContentComponent_Quest",
              "questId": "11"
            }
          ],
          "actionList": "questUnlocked"
        },
        {
          "__class": "Item",
          "isc": "quest_item",
          "act": "ui_component_base",
          "components": [
            {
              "__class": "JD_CarouselContentComponent_Quest",
              "questId": "9"
            }
          ],
          "actionList": "questUnlocked"
        },
        {
          "__class": "Item",
          "isc": "quest_item",
          "act": "ui_component_base",
          "components": [
            {
              "__class": "JD_CarouselContentComponent_Quest",
              "questId": "8"
            }
          ],
          "actionList": "questUnlocked"
        },
        {
          "__class": "Item",
          "isc": "quest_item",
          "act": "ui_component_base",
          "components": [
            {
              "__class": "JD_CarouselContentComponent_Quest",
              "questId": "7"
            }
          ],
          "actionList": "questUnlocked"
        },
        {
          "__class": "Item",
          "isc": "quest_item",
          "act": "ui_component_base",
          "components": [
            {
              "__class": "JD_CarouselContentComponent_Quest",
              "questId": "6"
            }
          ],
          "actionList": "questUnlocked"
        },
        {
          "__class": "Item",
          "isc": "quest_item",
          "act": "ui_component_base",
          "components": [
            {
              "__class": "JD_CarouselContentComponent_Quest",
              "questId": "5"
            }
          ],
          "actionList": "questUnlocked"
        },
        {
          "__class": "Item",
          "isc": "quest_item",
          "act": "ui_component_base",
          "components": [
            {
              "__class": "JD_CarouselContentComponent_Quest",
              "questId": "4"
            }
          ],
          "actionList": "questUnlocked"
        },
        {
          "__class": "Item",
          "isc": "quest_item",
          "act": "ui_component_base",
          "components": [
            {
              "__class": "JD_CarouselContentComponent_Quest",
              "questId": "3"
            }
          ],
          "actionList": "questUnlocked"
        },
        {
          "__class": "Item",
          "isc": "quest_item",
          "act": "ui_component_base",
          "components": [
            {
              "__class": "JD_CarouselContentComponent_Quest",
              "questId": "2"
            }
          ],
          "actionList": "questUnlocked"
        }
      ]
    }
  ],
  "actionLists": {
    "questUnlocked": {
      "__class": "ActionList",
      "actions": [
        {
          "__class": "Action",
          "title": "Dance",
          "type": "start-quest"
        }
      ],
      "itemType": "quest"
    },
    "questLocked": {
      "__class": "ActionList",
      "actions": [
        {
          "__class": "Action",
          "title": "Dance",
          "type": "display-upsell-quest"
        }
      ],
      "itemType": "quest"
    }
  },
  "songItemLists": {}
}
